id,label
train_019036,cough
train_001540,cough
train_008727,cough
train_015592,cough
train_005427,cough
train_011484,cough
train_016813,cough
train_015036,cough
train_003089,cough
train_004580,cough
train_023154,cough
train_002494,cough
train_021619,cough
train_008156,cough
train_007794,cough
train_009288,cough
train_002822,cough
train_018015,cough
train_000731,cough
train_015805,cough
train_003082,cough
train_018221,cough
train_021415,cough
train_000528,cough
train_021396,cough
train_015908,cough
train_012453,cough
train_023962,cough
train_002525,cough
train_013058,cough
train_012504,cough
train_012913,cough
train_000076,cough
train_020063,cough
train_003702,cough
train_017712,cough
train_004042,cough
train_008553,cough
train_007424,cough
train_000026,cough
train_012793,cough
train_012679,cough
train_005451,cough
train_002971,cough
train_016922,cough
train_013223,cough
train_008003,cough
train_021966,cough
train_008301,cough
train_012831,cough
train_009189,cough
train_023161,cough
train_007998,cough
train_021087,cough
train_018164,cough
train_014162,cough
train_013238,cough
train_017362,cough
train_018289,cough
train_016692,cough
train_010925,cough
train_015537,cough
train_022456,cough
train_021578,cough
train_017916,cough
train_014225,cough
train_013582,cough
train_021130,cough
train_021832,cough
train_022055,cough
train_003071,cough
train_013194,cough
train_000296,cough
train_008453,cough
train_018374,cough
train_017610,cough
train_015407,cough
train_003779,cough
train_018633,cough
train_016608,cough
train_002499,cough
train_013348,cough
train_002519,cough
train_020101,cough
train_023981,cough
train_018871,cough
train_003591,cough
train_000748,cough
train_013786,cough
train_007799,cough
train_016295,cough
train_007981,cough
train_017037,cough
train_019676,cough
train_006409,cough
train_020943,cough
train_006210,cough
train_011535,cough
train_019923,cough
train_023176,cough
train_004221,cough
train_012937,cough
train_006229,cough
train_009283,cough
train_020186,cough
train_011183,cough
train_002234,cough
train_000070,cough
train_010424,cough
train_001273,cough
train_002035,cough
train_011575,cough
train_005795,cough
train_001062,cough
train_008548,cough
train_006458,cough
train_009621,cough
train_004480,cough
train_002707,cough
train_000170,cough
train_015781,cough
train_007043,cough
train_000015,cough
train_019414,cough
train_011608,cough
train_010199,cough
train_020989,cough
train_001646,cough
train_023551,cough
train_006620,cough
train_012981,cough
train_001873,cough
train_001386,cough
train_004433,cough
train_016383,cough
train_023230,cough
train_017746,cough
train_000971,cough
train_018940,cough
train_006935,cough
train_017453,cough
train_019994,cough
train_007639,cough
train_014256,cough
train_022073,cough
train_022903,cough
train_000846,cough
train_019398,cough
train_003825,cough
train_021339,cough
train_016063,cough
train_017595,cough
train_020891,cough
train_000024,cough
train_021585,cough
train_018783,cough
train_012493,cough
train_008196,cough
train_007551,cough
train_003467,cough
train_015146,cough
train_011620,cough
train_004488,cough
train_012816,cough
train_008569,cough
train_013214,cough
train_002350,cough
train_011842,cough
train_006151,cough
train_018021,cough
train_021414,cough
train_010123,cough
train_017693,cough
train_006233,cough
train_006470,cough
train_019885,cough
train_000937,cough
train_018590,cough
train_018698,cough
train_005304,cough
train_007423,cough
train_011322,cough
train_018281,cough
train_010152,cough
train_003823,cough
train_010183,cough
train_014913,cough
train_005930,cough
train_023739,cough
train_012024,cough
train_008133,cough
train_004172,cough
train_023909,cough
train_022203,cough
train_013687,cough
train_002032,cough
train_001304,cough
train_012327,cough
train_003895,cough
train_010510,cough
train_015714,cough
train_005581,cough
train_003893,cough
train_017577,cough
train_005544,cough
train_001659,cough
train_006049,cough
train_019784,cough
train_013544,cough
train_008027,cough
train_022131,cough
train_021744,cough
train_003874,cough
train_010608,cough
train_022441,cough
train_000018,cough
train_005875,cough
train_002364,cough
train_002313,cough
train_022032,cough
train_015546,cough
train_005233,cough
train_009553,cough
train_011249,cough
train_004462,cough
train_004229,cough
train_019814,cough
train_012256,cough
train_010781,cough
train_004607,cough
train_013067,cough
train_018875,cough
train_006901,cough
train_014040,cough
train_011683,cough
train_010484,cough
train_017476,cough
train_010378,cough
train_010087,cough
train_012595,cough
train_002841,cough
train_000819,cough
train_007263,cough
train_005420,cough
train_007559,cough
train_002088,cough
train_009538,cough
train_006038,cough
train_022693,cough
train_021479,cough
train_006878,cough
train_005953,cough
train_010677,cough
train_005928,cough
train_019622,cough
train_008733,cough
train_014902,cough
train_005179,cough
train_014033,cough
train_009772,cough
train_012415,cough
train_019289,cough
train_002823,cough
train_023473,cough
train_007371,cough
train_012819,cough
train_006092,cough
train_012741,cough
train_021329,cough
train_009501,cough
train_021320,cough
train_009546,cough
train_004200,cough
train_009168,cough
train_013952,cough
train_013443,cough
train_009358,cough
train_001037,cough
train_004226,cough
train_022939,cough
train_002283,cough
train_017614,cough
train_009969,cough
train_017260,cough
train_000272,cough
train_002400,cough
train_010986,cough
train_005757,cough
train_016992,cough
train_023734,cough
train_016325,cough
train_014894,cough
train_020128,cough
train_010490,cough
train_017643,cough
train_001802,cough
train_004465,cough
train_000325,cough
train_004583,cough
train_002687,cough
train_001879,cough
train_012245,cough
train_019964,cough
train_011653,cough
train_018371,cough
train_003560,cough
train_012287,cough
train_021270,cough
train_015616,cough
train_017546,cough
train_015503,cough
train_016701,cough
train_004366,cough
train_023596,cough
train_010460,cough
train_007189,cough
train_022697,cough
train_004039,cough
train_007121,cough
train_017697,cough
train_010264,cry
train_022142,cry
train_000508,cry
train_009775,cry
train_011715,cry
train_007888,cry
train_009627,cry
train_000388,cry
train_000362,cry
train_004698,cry
train_005330,cry
train_019804,cry
train_015643,cry
train_016015,cry
train_012503,cry
train_000460,cry
train_000064,cry
train_015235,cry
train_020341,cry
train_004395,cry
train_017286,cry
train_008984,cry
train_000133,cry
train_001041,cry
train_023315,cry
train_022632,cry
train_023713,cry
train_022478,cry
train_013426,cry
train_009025,cry
train_013553,cry
train_014302,cry
train_012862,cry
train_005169,cry
train_007580,cry
train_006228,cry
train_023776,cry
train_023306,cry
train_020527,cry
train_023387,cry
train_011139,cry
train_019726,cry
train_019049,cry
train_003125,cry
train_023148,cry
train_019789,cry
train_023497,cry
train_011253,cry
train_021454,cry
train_023791,cry
train_017295,cry
train_015595,cry
train_016145,cry
train_006164,cry
train_000899,cry
train_019305,cry
train_019276,cry
train_022223,cry
train_016873,cry
train_014370,cry
train_009741,cry
train_015601,cry
train_005971,cry
train_006639,cry
train_021273,cry
train_021924,cry
train_006347,cry
train_017981,cry
train_018319,cry
train_011983,cry
train_012963,cry
train_000839,cry
train_001761,cry
train_007182,cry
train_012528,cry
train_021355,cry
train_010652,cry
train_015079,cry
train_015149,cry
train_014573,cry
train_005922,cry
train_007561,cry
train_009021,cry
train_000259,cry
train_013319,cry
train_015327,cry
train_014113,cry
train_022273,cry
train_002894,cry
train_012051,cry
train_015110,cry
train_007602,cry
train_023996,cry
train_019742,cry
train_000849,cry
train_009535,cry
train_014485,cry
train_011006,cry
train_002976,cry
train_010421,cry
train_020959,cry
train_020384,cry
train_007879,cry
train_021855,cry
train_018649,cry
train_005688,cry
train_012932,cry
train_023474,cry
train_007911,cry
train_007172,cry
train_021205,cry
train_000968,cry
train_011389,cry
train_012182,cry
train_001759,cry
train_013042,cry
train_022844,cry
train_007051,cry
train_009603,cry
train_004826,cry
train_012836,cry
train_003660,cry
train_004350,cry
train_006465,cry
train_002817,cry
train_013437,cry
train_003562,cry
train_005944,cry
train_006212,cry
train_005637,cry
train_022302,cry
train_021330,cry
train_008625,cry
train_023945,cry
train_001706,cry
train_022606,cry
train_020223,cry
train_011596,cry
train_017894,cry
train_013040,cry
train_008943,cry
train_015851,cry
train_014945,cry
train_009222,cry
train_012015,cry
train_013089,cry
train_004079,cry
train_010530,cry
train_018375,cry
train_002847,cry
train_002141,cry
train_014273,cry
train_008007,cry
train_008141,cry
train_004654,cry
train_004311,cry
train_021311,cry
train_015795,cry
train_018788,cry
train_016868,cry
train_011994,cry
train_007539,cry
train_016812,cry
train_014292,cry
train_022227,cry
train_010731,cry
train_021255,cry
train_012670,cry
train_009295,cry
train_017366,cry
train_022039,cry
train_004230,cry
train_012902,cry
train_010111,cry
train_012166,cry
train_014861,cry
train_000957,cry
train_005756,cry
train_012271,cry
train_014160,cry
train_008932,cry
train_017611,cry
train_003044,cry
train_000622,cry
train_002623,cry
train_014206,cry
train_021950,cry
train_017902,cry
train_013274,cry
train_004407,cry
train_014217,cry
train_021732,cry
train_010079,cry
train_021671,cry
train_000728,cry
train_014915,cry
train_020114,cry
train_020423,cry
train_015961,cry
train_012309,cry
train_020049,cry
train_006886,cry
train_009562,cry
train_016590,cry
train_009762,cry
train_014098,cry
train_003905,cry
train_009829,cry
train_020960,cry
train_013104,cry
train_008354,cry
train_009026,cry
train_011913,cry
train_018664,cry
train_017448,cry
train_019490,cry
train_012749,cry
train_006160,cry
train_018089,cry
train_002700,cry
train_014671,cry
train_009649,cry
train_014983,cry
train_017307,cry
train_019438,cry
train_010387,cry
train_009608,cry
train_012515,cry
train_013153,cry
train_009709,cry
train_016784,cry
train_010536,cry
train_018481,cry
train_016288,cry
train_005254,cry
train_012665,cry
train_016231,cry
train_011906,cry
train_013255,cry
train_017164,cry
train_022063,cry
train_023995,cry
train_006129,cry
train_013965,cry
train_009907,cry
train_011890,cry
train_005376,cry
train_008624,cry
train_022818,cry
train_002177,cry
train_021312,cry
train_012939,cry
train_018320,cry
train_003556,cry
train_009194,cry
train_016002,cry
train_015336,cry
train_006713,cry
train_018967,cry
train_006082,cry
train_007476,cry
train_012420,cry
train_004354,cry
train_014185,cry
train_016416,cry
train_002272,cry
train_020082,cry
train_014019,cry
train_001941,cry
train_022026,cry
train_006929,cry
train_008118,cry
train_014803,cry
train_002406,cry
train_001099,cry
train_011311,cry
train_011618,cry
train_002225,cry
train_018004,cry
train_002590,cry
train_018214,cry
train_001471,cry
train_018445,cry
train_021835,cry
train_016919,cry
train_005609,cry
train_012071,cry
train_000985,cry
train_006489,cry
train_004852,cry
train_018995,cry
train_011455,cry
train_022354,cry
train_013665,cry
train_019298,cry
train_001783,cry
train_010253,cry
train_001620,cry
train_005684,cry
train_013572,cry
train_001844,cry
train_011723,cry
train_004385,cry
train_015227,cry
train_014853,cry
train_023266,cry
train_018303,cry
train_014011,cry
train_003320,cry
train_022369,cry
train_018429,cry
train_001440,cry
train_010790,cry
train_005321,cry
train_012362,cry
train_012678,cry
train_005450,cry
train_012855,cry
train_012206,cry
train_006024,cry
train_023402,dog_bark
train_007718,dog_bark
train_009425,dog_bark
train_019699,dog_bark
train_004019,dog_bark
train_016292,dog_bark
train_014842,dog_bark
train_001085,dog_bark
train_018727,dog_bark
train_012114,dog_bark
train_014156,dog_bark
train_006161,dog_bark
train_009031,dog_bark
train_021489,dog_bark
train_004809,dog_bark
train_003857,dog_bark
train_011843,dog_bark
train_021412,dog_bark
train_018954,dog_bark
train_012264,dog_bark
train_000059,dog_bark
train_015584,dog_bark
train_022770,dog_bark
train_006507,dog_bark
train_007688,dog_bark
train_006666,dog_bark
train_016887,dog_bark
train_004558,dog_bark
train_009598,dog_bark
train_015528,dog_bark
train_010466,dog_bark
train_021968,dog_bark
train_014316,dog_bark
train_000657,dog_bark
train_022536,dog_bark
train_021613,dog_bark
train_010186,dog_bark
train_021719,dog_bark
train_005908,dog_bark
train_011963,dog_bark
train_015108,dog_bark
train_015645,dog_bark
train_010275,dog_bark
train_018125,dog_bark
train_019743,dog_bark
train_019473,dog_bark
train_021689,dog_bark
train_013295,dog_bark
train_016673,dog_bark
train_011340,dog_bark
train_022743,dog_bark
train_015192,dog_bark
train_012920,dog_bark
train_022113,dog_bark
train_014393,dog_bark
train_004891,dog_bark
train_003972,dog_bark
train_000479,dog_bark
train_018508,dog_bark
train_006820,dog_bark
train_012229,dog_bark
train_020308,dog_bark
train_001107,dog_bark
train_009512,dog_bark
train_020495,dog_bark
train_008268,dog_bark
train_004570,dog_bark
train_004584,dog_bark
train_012940,dog_bark
train_021993,dog_bark
train_012818,dog_bark
train_002585,dog_bark
train_022435,dog_bark
train_022906,dog_bark
train_011332,dog_bark
train_019893,dog_bark
train_002166,dog_bark
train_009397,dog_bark
train_012148,dog_bark
train_007477,dog_bark
train_003610,dog_bark
train_020805,dog_bark
train_014161,dog_bark
train_014275,dog_bark
train_019197,dog_bark
train_016190,dog_bark
train_003336,dog_bark
train_020496,dog_bark
train_012133,dog_bark
train_011269,dog_bark
train_012837,dog_bark
train_007821,dog_bark
train_012398,dog_bark
train_002246,dog_bark
train_009740,dog_bark
train_011824,dog_bark
train_011099,dog_bark
train_022399,dog_bark
train_014022,dog_bark
train_006984,dog_bark
train_004418,dog_bark
train_023946,dog_bark
train_008355,dog_bark
train_007772,dog_bark
train_001284,dog_bark
train_014661,dog_bark
train_005460,dog_bark
train_001203,dog_bark
train_002706,dog_bark
train_000520,dog_bark
train_008781,dog_bark
train_014294,dog_bark
train_002047,dog_bark
train_011401,dog_bark
train_002044,dog_bark
train_014989,dog_bark
train_013837,dog_bark
train_004741,dog_bark
train_014750,dog_bark
train_006254,dog_bark
train_007139,dog_bark
train_021383,dog_bark
train_002714,dog_bark
train_006467,dog_bark
train_006330,dog_bark
train_010039,dog_bark
train_011507,dog_bark
train_008918,dog_bark
train_004283,dog_bark
train_016024,dog_bark
train_004838,dog_bark
train_011742,dog_bark
train_020849,dog_bark
train_011205,dog_bark
train_006013,dog_bark
train_008525,dog_bark
train_006515,dog_bark
train_010436,dog_bark
train_009215,dog_bark
train_023131,dog_bark
train_012516,dog_bark
train_017380,dog_bark
train_021660,dog_bark
train_009028,dog_bark
train_014738,dog_bark
train_017059,dog_bark
train_018576,dog_bark
train_012290,dog_bark
train_020359,dog_bark
train_007220,dog_bark
train_017144,dog_bark
train_001343,dog_bark
train_009296,dog_bark
train_022390,dog_bark
train_005693,dog_bark
train_003734,dog_bark
train_001731,dog_bark
train_003158,dog_bark
train_012518,dog_bark
train_014622,dog_bark
train_015840,dog_bark
train_006626,dog_bark
train_004084,dog_bark
train_007798,dog_bark
train_006524,dog_bark
train_006509,dog_bark
train_010669,dog_bark
train_021889,dog_bark
train_017723,dog_bark
train_020543,dog_bark
train_019328,dog_bark
train_006031,dog_bark
train_014839,dog_bark
train_006173,dog_bark
train_010007,dog_bark
train_014611,dog_bark
train_008659,dog_bark
train_016213,dog_bark
train_021457,dog_bark
train_008168,dog_bark
train_003349,dog_bark
train_013165,dog_bark
train_007208,dog_bark
train_019692,dog_bark
train_016803,dog_bark
train_017313,dog_bark
train_016762,dog_bark
train_000180,dog_bark
train_023223,dog_bark
train_009016,dog_bark
train_013997,dog_bark
train_011366,dog_bark
train_013910,dog_bark
train_011707,dog_bark
train_011415,dog_bark
train_015610,dog_bark
train_012775,dog_bark
train_020494,dog_bark
train_012212,dog_bark
train_002886,dog_bark
train_020701,dog_bark
train_009788,dog_bark
train_001030,dog_bark
train_009367,dog_bark
train_020310,dog_bark
train_014449,dog_bark
train_020659,dog_bark
train_001697,dog_bark
train_011004,dog_bark
train_010725,dog_bark
train_005199,dog_bark
train_020633,dog_bark
train_012380,dog_bark
train_007463,dog_bark
train_019610,dog_bark
train_008482,dog_bark
train_016858,dog_bark
train_017762,dog_bark
train_006899,dog_bark
train_005983,dog_bark
train_007193,dog_bark
train_017328,dog_bark
train_013340,dog_bark
train_001078,dog_bark
train_008974,dog_bark
train_019910,dog_bark
train_018853,dog_bark
train_003130,dog_bark
train_007470,dog_bark
train_004616,dog_bark
train_011015,dog_bark
train_000750,dog_bark
train_013823,dog_bark
train_009331,dog_bark
train_018953,dog_bark
train_014978,dog_bark
train_013281,dog_bark
train_012647,dog_bark
train_019444,dog_bark
train_021079,dog_bark
train_010469,dog_bark
train_003212,dog_bark
train_000432,dog_bark
train_021316,dog_bark
train_008106,dog_bark
train_006198,dog_bark
train_006689,dog_bark
train_008117,dog_bark
train_009044,dog_bark
train_021685,dog_bark
train_010446,dog_bark
train_017875,dog_bark
train_000856,dog_bark
train_000756,dog_bark
train_007176,dog_bark
train_000399,dog_bark
train_005799,dog_bark
train_023815,dog_bark
train_011509,dog_bark
train_002136,dog_bark
train_005587,dog_bark
train_013265,dog_bark
train_011788,dog_bark
train_006247,dog_bark
train_023577,dog_bark
train_003671,dog_bark
train_021552,dog_bark
train_017411,dog_bark
train_019184,dog_bark
train_002438,dog_bark
train_017634,dog_bark
train_012737,dog_bark
train_010341,dog_bark
train_020117,dog_bark
train_003980,dog_bark
train_003332,dog_bark
train_018152,dog_bark
train_008076,dog_bark
train_001835,dog_bark
train_020627,dog_bark
train_003111,dog_bark
train_006041,dog_bark
train_006981,dog_bark
train_013478,dog_bark
train_003046,dog_bark
train_019371,dog_bark
train_023709,dog_bark
train_010393,dog_bark
train_005308,dog_bark
train_016328,dog_bark
train_019136,dog_bark
train_003253,dog_bark
train_008100,dog_bark
train_017111,dog_bark
train_011619,dog_bark
train_019725,dog_bark
train_005471,dog_bark
train_002993,dog_bark
train_013160,dog_bark
train_000493,dog_bark
train_015762,dog_bark
train_016626,dog_bark
train_021491,dog_bark
train_008883,dog_bark
train_001397,dog_bark
train_011178,dog_bark
train_001673,dog_bark
train_014512,dog_bark
train_008518,dog_bark
train_011545,dog_bark
train_016366,dog_bark
train_012204,dog_bark
train_011302,dog_bark
train_020877,dog_bark
train_014299,dog_bark
train_006133,dog_bark
train_013476,dog_bark
train_013750,dog_bark
train_012077,dog_bark
train_007494,dog_bark
train_012293,laughter
train_014270,laughter
train_011538,laughter
train_015716,laughter
train_017821,laughter
train_018306,laughter
train_004376,laughter
train_010010,laughter
train_017658,laughter
train_009405,laughter
train_004034,laughter
train_010196,laughter
train_007174,laughter
train_018952,laughter
train_014108,laughter
train_016450,laughter
train_016469,laughter
train_022347,laughter
train_000749,laughter
train_010400,laughter
train_016599,laughter
train_023277,laughter
train_016491,laughter
train_000586,laughter
train_022739,laughter
train_020219,laughter
train_015505,laughter
train_022461,laughter
train_018888,laughter
train_005423,laughter
train_015013,laughter
train_003911,laughter
train_000103,laughter
train_012868,laughter
train_019884,laughter
train_009810,laughter
train_021731,laughter
train_022432,laughter
train_008228,laughter
train_000058,laughter
train_013208,laughter
train_004527,laughter
train_022464,laughter
train_003014,laughter
train_014142,laughter
train_009597,laughter
train_013995,laughter
train_022509,laughter
train_019372,laughter
train_015550,laughter
train_001421,laughter
train_012539,laughter
train_015697,laughter
train_008352,laughter
train_002959,laughter
train_007326,laughter
train_013316,laughter
train_012352,laughter
train_014543,laughter
train_003515,laughter
train_002106,laughter
train_006558,laughter
train_013640,laughter
train_007800,laughter
train_012817,laughter
train_016934,laughter
train_005367,laughter
train_011391,laughter
train_014491,laughter
train_022114,laughter
train_010777,laughter
train_002054,laughter
train_000392,laughter
train_007010,laughter
train_011786,laughter
train_009330,laughter
train_023951,laughter
train_005732,laughter
train_001649,laughter
train_016302,laughter
train_013218,laughter
train_005467,laughter
train_004085,laughter
train_016061,laughter
train_014328,laughter
train_011808,laughter
train_021264,laughter
train_000757,laughter
train_002322,laughter
train_007844,laughter
train_004410,laughter
train_021548,laughter
train_007269,laughter
train_007586,laughter
train_006891,laughter
train_015299,laughter
train_006273,laughter
train_022716,laughter
train_008925,laughter
train_010680,laughter
train_003388,laughter
train_012988,laughter
train_021868,laughter
train_020728,laughter
train_002754,laughter
train_003602,laughter
train_014680,laughter
train_000100,laughter
train_009927,laughter
train_001278,laughter
train_004201,laughter
train_007661,laughter
train_016746,laughter
train_001065,laughter
train_007138,laughter
train_008764,laughter
train_010746,laughter
train_004436,laughter
train_021565,laughter
train_000242,laughter
train_015833,laughter
train_012531,laughter
train_000025,laughter
train_011225,laughter
train_012084,laughter
train_007359,laughter
train_023539,laughter
train_015937,laughter
train_017627,laughter
train_015540,laughter
train_014167,laughter
train_002395,laughter
train_001330,laughter
train_008554,laughter
train_003034,laughter
train_008278,laughter
train_014834,laughter
train_001005,laughter
train_019478,laughter
train_021712,laughter
train_021750,laughter
train_013757,laughter
train_021711,laughter
train_004370,laughter
train_018854,laughter
train_012827,laughter
train_000873,laughter
train_005085,laughter
train_014438,laughter
train_017395,laughter
train_016238,laughter
train_005502,laughter
train_022101,laughter
train_000051,laughter
train_011351,laughter
train_006075,laughter
train_016877,laughter
train_002307,laughter
train_001890,laughter
train_003409,laughter
train_020116,laughter
train_013795,laughter
train_011062,laughter
train_013881,laughter
train_018415,laughter
train_019645,laughter
train_014057,laughter
train_019157,laughter
train_016890,laughter
train_018330,laughter
train_006035,laughter
train_008382,laughter
train_012128,laughter
train_016339,laughter
train_013294,laughter
train_012394,laughter
train_000983,laughter
train_006121,laughter
train_011079,laughter
train_022931,laughter
train_012384,laughter
train_002596,laughter
train_016760,laughter
train_022161,laughter
train_010376,laughter
train_004342,laughter
train_020209,laughter
train_002852,laughter
train_007777,laughter
train_005663,laughter
train_021178,laughter
train_013668,laughter
train_015808,laughter
train_021190,laughter
train_021001,laughter
train_003533,laughter
train_002055,laughter
train_001288,laughter
train_007709,laughter
train_015182,laughter
train_016663,laughter
train_023174,laughter
train_016465,laughter
train_015472,laughter
train_023678,laughter
train_013102,laughter
train_001670,laughter
train_014576,laughter
train_011025,laughter
train_007780,laughter
train_012243,laughter
train_021266,laughter
train_004323,laughter
train_011446,laughter
train_023111,laughter
train_010354,laughter
train_000030,laughter
train_002244,laughter
train_011478,laughter
train_008266,laughter
train_011768,laughter
train_017121,laughter
train_005375,laughter
train_014560,laughter
train_010776,laughter
train_002529,laughter
train_002369,laughter
train_016074,laughter
train_012039,laughter
train_011024,laughter
train_008805,laughter
train_023572,laughter
train_010320,laughter
train_019551,laughter
train_007510,laughter
train_004665,laughter
train_003008,laughter
train_013220,laughter
train_009519,laughter
train_014729,laughter
train_017659,laughter
train_009125,laughter
train_000848,laughter
train_008054,laughter
train_004291,laughter
train_016782,laughter
train_017890,laughter
train_012062,laughter
train_016829,laughter
train_017739,laughter
train_008785,laughter
train_003719,laughter
train_019762,laughter
train_009416,laughter
train_002696,laughter
train_005389,laughter
train_005314,laughter
train_005178,laughter
train_002419,laughter
train_005846,laughter
train_022681,laughter
train_014462,laughter
train_010326,laughter
train_002856,laughter
train_011047,laughter
train_021492,laughter
train_003490,laughter
train_004129,laughter
train_023411,laughter
train_023856,laughter
train_022146,laughter
train_023599,laughter
train_004426,laughter
train_020888,laughter
train_013210,laughter
train_023652,laughter
train_017138,laughter
train_011614,laughter
train_001042,laughter
train_019602,laughter
train_020195,laughter
train_021501,laughter
train_007810,laughter
train_007878,laughter
train_023670,laughter
train_000333,laughter
train_020071,laughter
train_002845,laughter
train_019187,laughter
train_017195,laughter
train_018243,laughter
train_016494,laughter
train_018162,laughter
train_002606,laughter
train_011335,laughter
train_021662,laughter
train_001824,laughter
train_002553,laughter
train_000445,laughter
train_009257,laughter
train_004112,laughter
train_001891,laughter
train_014077,laughter
train_004119,laughter
train_003621,laughter
train_023181,laughter
train_015020,laughter
train_005100,laughter
train_014154,laughter
train_023655,laughter
train_017727,laughter
train_009170,laughter
train_016918,laughter
train_022985,laughter
train_009736,laughter
train_012643,laughter
train_023055,laughter
train_011902,laughter
train_020940,laughter
train_007566,laughter
train_012081,noise
train_012312,noise
train_000624,noise
train_002952,noise
train_014509,noise
train_016502,noise
train_017853,noise
train_006561,noise
train_018615,noise
train_001591,noise
train_011258,noise
train_003239,noise
train_006267,noise
train_019723,noise
train_004730,noise
train_008681,noise
train_000603,noise
train_021008,noise
train_019659,noise
train_018007,noise
train_023835,noise
train_016531,noise
train_003298,noise
train_012788,noise
train_009515,noise
train_004629,noise
train_003814,noise
train_017166,noise
train_000606,noise
train_004484,noise
train_000634,noise
train_010148,noise
train_011412,noise
train_018893,noise
train_010908,noise
train_012640,noise
train_000498,noise
train_012435,noise
train_017841,noise
train_017578,noise
train_001009,noise
train_005045,noise
train_022261,noise
train_005626,noise
train_001088,noise
train_017162,noise
train_021682,noise
train_017796,noise
train_004087,noise
train_006156,noise
train_004477,noise
train_002162,noise
train_021078,noise
train_012277,noise
train_005810,noise
train_012575,noise
train_012489,noise
train_005377,noise
train_021943,noise
train_020882,noise
train_009536,noise
train_023417,noise
train_007913,noise
train_005468,noise
train_001913,noise
train_008673,noise
train_002127,noise
train_005509,noise
train_018793,noise
train_006616,noise
train_010274,noise
train_008585,noise
train_002892,noise
train_021395,noise
train_013953,noise
train_003703,noise
train_008114,noise
train_015373,noise
train_007651,noise
train_000267,noise
train_013169,noise
train_015758,noise
train_014197,noise
train_010344,noise
train_000314,noise
train_023980,noise
train_019408,noise
train_019785,noise
train_012066,noise
train_020801,noise
train_011222,noise
train_016262,noise
train_018762,noise
train_013594,noise
train_007546,noise
train_006564,noise
train_018372,noise
train_002258,noise
train_015447,noise
train_003106,noise
train_022795,noise
train_013771,noise
train_015707,noise
train_018167,noise
train_014959,noise
train_009267,noise
train_018263,noise
train_013405,noise
train_002061,noise
train_021287,noise
train_011190,noise
train_003848,noise
train_005499,noise
train_014495,noise
train_016316,noise
train_006698,noise
train_008756,noise
train_012954,noise
train_021580,noise
train_022624,noise
train_021519,noise
train_019047,noise
train_006992,noise
train_021322,noise
train_014953,noise
train_021533,noise
train_017913,noise
train_006669,noise
train_013369,noise
train_004060,noise
train_003162,noise
train_013099,noise
train_011623,noise
train_020628,noise
train_002324,noise
train_010864,noise
train_008389,noise
train_017648,noise
train_002593,noise
train_005800,noise
train_018646,noise
train_010207,noise
train_020663,noise
train_021294,noise
train_016979,noise
train_012242,noise
train_011394,noise
train_005912,noise
train_004397,noise
train_019915,noise
train_015823,noise
train_009593,noise
train_008119,noise
train_002099,noise
train_009864,noise
train_013479,noise
train_009171,noise
train_003355,noise
train_007671,noise
train_012551,noise
train_018368,noise
train_003463,noise
train_013978,noise
train_017265,noise
train_011000,noise
train_015101,noise
train_001399,noise
train_012648,noise
train_015545,noise
train_022396,noise
train_000037,noise
train_005303,noise
train_018700,noise
train_018053,noise
train_006046,noise
train_015010,noise
train_020524,noise
train_018418,noise
train_007407,noise
train_005865,noise
train_001664,noise
train_008230,noise
train_015348,noise
train_002549,noise
train_006098,noise
train_021866,noise
train_008308,noise
train_017045,noise
train_015986,noise
train_006224,noise
train_019919,noise
train_004167,noise
train_007655,noise
train_015356,noise
train_009055,noise
train_017975,noise
train_019421,noise
train_006386,noise
train_000098,noise
train_004846,noise
train_000828,noise
train_006414,noise
train_006754,noise
train_015703,noise
train_007126,noise
train_003110,noise
train_000619,noise
train_023876,noise
train_007370,noise
train_004752,noise
train_017953,noise
train_000031,noise
train_013328,noise
train_012075,noise
train_004322,noise
train_016044,noise
train_001106,noise
train_022993,noise
train_000017,noise
train_015879,noise
train_008163,noise
train_017115,noise
train_012576,noise
train_010280,noise
train_000654,noise
train_014818,noise
train_001155,noise
train_001853,noise
train_018102,noise
train_023943,noise
train_013190,noise
train_005649,noise
train_001270,noise
train_002297,noise
train_009462,noise
train_022476,noise
train_022424,noise
train_012209,noise
train_018515,noise
train_000080,noise
train_001866,noise
train_013992,noise
train_023183,noise
train_015087,noise
train_004750,noise
train_013673,noise
train_020787,noise
train_001242,noise
train_019017,noise
train_016807,noise
train_010614,noise
train_003510,noise
train_001172,noise
train_004943,noise
train_017920,noise
train_005833,noise
train_001346,noise
train_008655,noise
train_001506,noise
train_020554,noise
train_015872,noise
train_017822,noise
train_013655,noise
train_017867,noise
train_007021,noise
train_004452,noise
train_013504,noise
train_008634,noise
train_000751,noise
train_002118,noise
train_011512,noise
train_007614,noise
train_010524,noise
train_007759,noise
train_006006,noise
train_007287,noise
train_008801,noise
train_017753,noise
train_003418,noise
train_008838,noise
train_019406,noise
train_006298,noise
train_016489,noise
train_023960,noise
train_009517,noise
train_007107,noise
train_021403,noise
train_012780,noise
train_004631,noise
train_012948,noise
train_006682,noise
train_001508,noise
train_010106,noise
train_023323,noise
train_017031,noise
train_002647,noise
train_013177,noise
train_003941,noise
train_007886,noise
train_003200,noise
train_000786,noise
train_010496,noise
train_017776,noise
train_007020,noise
train_007746,noise
train_017418,noise
train_006942,noise
train_014912,noise
train_003342,noise
train_006722,noise
train_000469,noise
train_014981,noise
train_010617,noise
train_004947,noise
train_007897,noise
train_012505,noise
train_001174,noise
train_023114,noise
train_002058,noise
train_000579,noise
train_022309,none
train_013300,none
train_020649,none
train_001087,none
train_003399,none
train_010459,none
train_012254,none
train_021228,none
train_011012,none
train_015160,none
train_021722,none
train_008417,none
train_012557,none
train_008514,none
train_003356,none
train_014888,none
train_000713,none
train_011589,none
train_008426,none
train_001139,none
train_011466,none
train_022748,none
train_020691,none
train_016759,none
train_012320,none
train_014175,none
train_002639,none
train_020746,none
train_020004,none
train_007692,none
train_002040,none
train_015754,none
train_022629,none
train_008645,none
train_004051,none
train_005941,none
train_019058,none
train_010487,none
train_019882,none
train_000755,none
train_018420,none
train_010551,none
train_007033,none
train_003635,none
train_016035,none
train_004016,none
train_002757,none
train_006242,none
train_012091,none
train_004545,none
train_015679,none
train_000045,none
train_011744,none
train_008246,none
train_000041,none
train_000032,none
train_020863,none
train_010900,none
train_006550,none
train_011229,none
train_003674,none
train_016960,none
train_000105,none
train_009027,none
train_004925,none
train_003918,none
train_005652,none
train_016396,none
train_021901,none
train_000312,none
train_019653,none
train_023897,none
train_006839,none
train_019710,none
train_000777,none
train_003658,none
train_000709,none
train_001742,none
train_019955,none
train_010080,none
train_019853,none
train_016125,none
train_020144,none
train_014472,none
train_005095,none
train_002286,none
train_013200,none
train_022183,none
train_012896,none
train_017787,none
train_010322,none
train_021285,none
train_010893,none
train_001738,none
train_010547,none
train_021058,none
train_013565,none
train_012850,none
train_010804,none
train_002560,none
train_005264,none
train_017169,none
train_016546,none
train_023746,none
train_013856,none
train_022207,none
train_013700,none
train_018185,none
train_018402,none
train_013432,none
train_023467,none
train_022310,none
train_016397,none
train_009412,none
train_006093,none
train_017783,none
train_000747,none
train_020852,none
train_012944,none
train_005336,none
train_017401,none
train_020983,none
train_016418,none
train_011081,none
train_007003,none
train_005261,none
train_019640,none
train_007855,none
train_022532,none
train_004688,none
train_021694,none
train_019668,none
train_019568,none
train_004150,none
train_009362,none
train_002901,none
train_001373,none
train_008551,none
train_022093,none
train_000902,none
train_015784,none
train_018475,none
train_008055,none
train_023712,none
train_016330,none
train_011852,none
train_009622,none
train_000666,none
train_009396,none
train_023136,none
train_018548,none
train_007054,none
train_010126,none
train_011858,none
train_015030,none
train_017057,none
train_013557,none
train_023119,none
train_008574,none
train_001589,none
train_001244,none
train_023969,none
train_001996,none
train_012656,none
train_003775,none
train_000355,none
train_016714,none
train_004806,none
train_007917,none
train_021845,none
train_022929,none
train_015084,none
train_016380,none
train_019089,none
train_016136,none
train_018175,none
train_013005,none
train_016158,none
train_009468,none
train_010698,none
train_004499,none
train_018235,none
train_003997,none
train_006874,none
train_010052,none
train_001884,none
train_021876,none
train_021341,none
train_019768,none
train_015755,none
train_017407,none
train_003313,none
train_019053,none
train_022860,none
train_014704,none
train_022047,none
train_008060,none
train_017707,none
train_013879,none
train_018530,none
train_014361,none
train_009050,none
train_020711,none
train_001253,none
train_011916,none
train_022362,none
train_007955,none
train_005996,none
train_001395,none
train_012213,none
train_022271,none
train_018934,none
train_020908,none
train_012072,none
train_000587,none
train_011722,none
train_003717,none
train_018743,none
train_009440,none
train_013357,none
train_012773,none
train_020584,none
train_013326,none
train_008982,none
train_000967,none
train_013797,none
train_021423,none
train_004998,none
train_000230,none
train_015261,none
train_002205,none
train_000090,none
train_015740,none
train_012938,none
train_009821,none
train_004840,none
train_013727,none
train_015926,none
train_020598,none
train_003256,none
train_005040,none
train_011731,none
train_013735,none
train_007626,none
train_017883,none
train_001119,none
train_020193,none
train_019662,none
train_002176,none
train_016155,none
train_023220,none
train_016324,none
train_014345,none
train_009619,none
train_023847,none
train_002072,none
train_022395,none
train_017475,none
train_010355,none
train_006700,none
train_007967,none
train_012253,none
train_011874,none
train_007245,none
train_006351,none
train_006940,none
train_007875,none
train_017406,none
train_017777,none
train_018280,none
train_018226,none
train_011386,none
train_012720,none
train_006613,none
train_022371,none
train_009516,none
train_007587,none
train_012314,none
train_014844,none
train_001556,none
train_019540,none
train_020465,none
train_022018,none
train_008972,none
train_015018,none
train_013529,none
train_010795,none
train_014745,none
train_023924,none
train_006739,none
train_009484,none
train_016542,none
train_006546,none
train_006865,none
train_011632,none
train_016255,none
train_007634,none
train_012070,none
train_000816,none
train_016122,none
train_020429,none
train_002573,none
train_003892,none
train_006881,none
train_006205,none
train_004180,none
train_001784,none
train_020778,none
train_001364,none
train_022036,none
train_017669,none
train_020278,none
train_006587,none
train_002285,none
train_006617,none
train_002420,none
train_017936,none
train_017925,none
train_022486,none
train_010546,none
train_003718,siren
train_017942,siren
train_018430,siren
train_014448,siren
train_012637,siren
train_002024,siren
train_010170,siren
train_001319,siren
train_013091,siren
train_000450,siren
train_015050,siren
train_009092,siren
train_000247,siren
train_016641,siren
train_020462,siren
train_006032,siren
train_017009,siren
train_022246,siren
train_009410,siren
train_009948,siren
train_018889,siren
train_020835,siren
train_019268,siren
train_023762,siren
train_000554,siren
train_020139,siren
train_021284,siren
train_000102,siren
train_005579,siren
train_006167,siren
train_018870,siren
train_022936,siren
train_007824,siren
train_003206,siren
train_002036,siren
train_019799,siren
train_014846,siren
train_004653,siren
train_010491,siren
train_020814,siren
train_008122,siren
train_016438,siren
train_000689,siren
train_011672,siren
train_006493,siren
train_012359,siren
train_004470,siren
train_023941,siren
train_000416,siren
train_002999,siren
train_021217,siren
train_001258,siren
train_011633,siren
train_013971,siren
train_011155,siren
train_010197,siren
train_005924,siren
train_021392,siren
train_021171,siren
train_010791,siren
train_009326,siren
train_021649,siren
train_017315,siren
train_012563,siren
train_011697,siren
train_001131,siren
train_020965,siren
train_022115,siren
train_008505,siren
train_017305,siren
train_020131,siren
train_014948,siren
train_023576,siren
train_001184,siren
train_012275,siren
train_008822,siren
train_010032,siren
train_006340,siren
train_003375,siren
train_010636,siren
train_007335,siren
train_021659,siren
train_003480,siren
train_005487,siren
train_019833,siren
train_000472,siren
train_003059,siren
train_022004,siren
train_023717,siren
train_010920,siren
train_021006,siren
train_021083,siren
train_007920,siren
train_002039,siren
train_019572,siren
train_010882,siren
train_013635,siren
train_001140,siren
train_009717,siren
train_007720,siren
train_004680,siren
train_014775,siren
train_007815,siren
train_006930,siren
train_013900,siren
train_021358,siren
train_021633,siren
train_014559,siren
train_013780,siren
train_018491,siren
train_015981,siren
train_013874,siren
train_016086,siren
train_020355,siren
train_015797,siren
train_005904,siren
train_003944,siren
train_011503,siren
train_019164,siren
train_018614,siren
train_007970,siren
train_022639,siren
train_005306,siren
train_021856,siren
train_005882,siren
train_003013,siren
train_012823,siren
train_023937,siren
train_009981,siren
train_013053,siren
train_021170,siren
train_002708,siren
train_006955,siren
train_021370,siren
train_004000,siren
train_020504,siren
train_004057,siren
train_010543,siren
train_017000,siren
train_017986,siren
train_016526,siren
train_010420,siren
train_012317,siren
train_023382,siren
train_011520,siren
train_017462,siren
train_000790,siren
train_002595,siren
train_016200,siren
train_016527,siren
train_012519,siren
train_018436,siren
train_008111,siren
train_005454,siren
train_021337,siren
train_012145,siren
train_020051,siren
train_009858,siren
train_018674,siren
train_009057,siren
train_009182,siren
train_003965,siren
train_021156,siren
train_004501,siren
train_008947,siren
train_011777,siren
train_008462,siren
train_002569,siren
train_012349,siren
train_012631,siren
train_008445,siren
train_012946,siren
train_006014,siren
train_022025,siren
train_005075,siren
train_006336,siren
train_011327,siren
train_015052,siren
train_019170,siren
train_003179,siren
train_016428,siren
train_019370,siren
train_007314,siren
train_015659,siren
train_019830,siren
train_022091,siren
train_010996,siren
train_022749,siren
train_021526,siren
train_005948,siren
train_022259,siren
train_010985,siren
train_004294,siren
train_017436,siren
train_008340,siren
train_015542,siren
train_010588,siren
train_012488,siren
train_005037,siren
train_021771,siren
train_018857,siren
train_021923,siren
train_002506,siren
train_012115,siren
train_012634,siren
train_017994,siren
train_015585,siren
train_021333,siren
train_009526,siren
train_014685,siren
train_006795,siren
train_009814,siren
train_013448,siren
train_008550,siren
train_012600,siren
train_015647,siren
train_003493,siren
train_009005,siren
train_006295,siren
train_002428,siren
train_022596,siren
train_014900,siren
train_015710,siren
train_001427,siren
train_011859,siren
train_021472,siren
train_020581,siren
train_023703,siren
train_018052,siren
train_007813,siren
train_016073,siren
train_014392,siren
train_001812,siren
train_023755,siren
train_015950,siren
train_017196,siren
train_005737,siren
train_013263,siren
train_018419,siren
train_004195,siren
train_017390,siren
train_011914,siren
train_012727,siren
train_021248,siren
train_018609,siren
train_008798,siren
train_014943,siren
train_003518,siren
train_015559,siren
train_011472,siren
train_021764,siren
train_014657,siren
train_001300,siren
train_011265,siren
train_012871,siren
train_004434,siren
train_022263,siren
train_022352,siren
train_007903,siren
train_002107,siren
train_009392,siren
train_019325,siren
train_009989,siren
train_004853,siren
train_002171,siren
train_012193,siren
train_020239,siren
train_003288,siren
train_011973,siren
train_004657,siren
train_018297,siren
train_006005,siren
train_014822,siren
train_020597,siren
train_021954,siren
train_001772,siren
train_016046,siren
train_021647,siren
train_019503,siren
train_007292,siren
train_005713,siren
train_012030,siren
train_022045,siren
train_010513,siren
train_014387,siren
train_006996,siren
train_009335,siren
train_007094,siren
train_020484,siren
train_001097,siren
train_019080,siren
train_008923,siren
train_005769,siren
train_020770,siren
train_005315,siren
train_019968,siren
train_004915,siren
train_007621,siren
train_021372,siren
train_010244,siren
train_000811,siren
train_002011,siren
train_002175,siren
train_020841,siren
train_017537,siren
train_014202,siren
train_000005,siren
train_008888,siren
train_016230,siren
train_008149,siren
train_019537,siren
train_010334,siren
train_022364,siren
train_021357,siren
train_015364,siren
train_006772,siren
train_013233,siren
train_007576,siren
train_000958,siren
train_014601,siren
train_010549,sneeze
train_022623,sneeze
train_015674,sneeze
train_000810,sneeze
train_014644,sneeze
train_012353,sneeze
train_021891,sneeze
train_011318,sneeze
train_009980,sneeze
train_001213,sneeze
train_000348,sneeze
train_008751,sneeze
train_023203,sneeze
train_021616,sneeze
train_019873,sneeze
train_009191,sneeze
train_019932,sneeze
train_016148,sneeze
train_022776,sneeze
train_017842,sneeze
train_017745,sneeze
train_008424,sneeze
train_020332,sneeze
train_006353,sneeze
train_013523,sneeze
train_023102,sneeze
train_004666,sneeze
train_016005,sneeze
train_004603,sneeze
train_001241,sneeze
train_010859,sneeze
train_012661,sneeze
train_002854,sneeze
train_016208,sneeze
train_008620,sneeze
train_015807,sneeze
train_018255,sneeze
train_008287,sneeze
train_018693,sneeze
train_017828,sneeze
train_004772,sneeze
train_015768,sneeze
train_005140,sneeze
train_002184,sneeze
train_009563,sneeze
train_021057,sneeze
train_000072,sneeze
train_013693,sneeze
train_021936,sneeze
train_016291,sneeze
train_010064,sneeze
train_002785,sneeze
train_018556,sneeze
train_009423,sneeze
train_019560,sneeze
train_005243,sneeze
train_000185,sneeze
train_002904,sneeze
train_015074,sneeze
train_007249,sneeze
train_007617,sneeze
train_002727,sneeze
train_013327,sneeze
train_004416,sneeze
train_013914,sneeze
train_022096,sneeze
train_023226,sneeze
train_020995,sneeze
train_015429,sneeze
train_023798,sneeze
train_016506,sneeze
train_016857,sneeze
train_018746,sneeze
train_019121,sneeze
train_013155,sneeze
train_014550,sneeze
train_007858,sneeze
train_021257,sneeze
train_016984,sneeze
train_020817,sneeze
train_008567,sneeze
train_022162,sneeze
train_000061,sneeze
train_019598,sneeze
train_002057,sneeze
train_010977,sneeze
train_004759,sneeze
train_002187,sneeze
train_000522,sneeze
train_002539,sneeze
train_003974,sneeze
train_008964,sneeze
train_014123,sneeze
train_020419,sneeze
train_013381,sneeze
train_002900,sneeze
train_005205,sneeze
train_021765,sneeze
train_004941,sneeze
train_013362,sneeze
train_006991,sneeze
train_013230,sneeze
train_020220,sneeze
train_010061,sneeze
train_012139,sneeze
train_016093,sneeze
train_023101,sneeze
train_007280,sneeze
train_022857,sneeze
train_011016,sneeze
train_008283,sneeze
train_008206,sneeze
train_007103,sneeze
train_014503,sneeze
train_006718,sneeze
train_013805,sneeze
train_010888,sneeze
train_010017,sneeze
train_014933,sneeze
train_015556,sneeze
train_020839,sneeze
train_007880,sneeze
train_018018,sneeze
train_016132,sneeze
train_015383,sneeze
train_000643,sneeze
train_001654,sneeze
train_016537,sneeze
train_015271,sneeze
train_014083,sneeze
train_016233,sneeze
train_014359,sneeze
train_016475,sneeze
train_021824,sneeze
train_009291,sneeze
train_005438,sneeze
train_011937,sneeze
train_020929,sneeze
train_022124,sneeze
train_018542,sneeze
train_010757,sneeze
train_009934,sneeze
train_005562,sneeze
train_009912,sneeze
train_007776,sneeze
train_002245,sneeze
train_016570,sneeze
train_014031,sneeze
train_008019,sneeze
train_006223,sneeze
train_021721,sneeze
train_002231,sneeze
train_015024,sneeze
train_011088,sneeze
train_020291,sneeze
train_011122,sneeze
train_009357,sneeze
train_021112,sneeze
train_005832,sneeze
train_006303,sneeze
train_011487,sneeze
train_017150,sneeze
train_013642,sneeze
train_010204,sneeze
train_017562,sneeze
train_021847,sneeze
train_007413,sneeze
train_014589,sneeze
train_021740,sneeze
train_006877,sneeze
train_014770,sneeze
train_016253,sneeze
train_004138,sneeze
train_021871,sneeze
train_014236,sneeze
train_001191,sneeze
train_002453,sneeze
train_017694,sneeze
train_012824,sneeze
train_005107,sneeze
train_000871,sneeze
train_013661,sneeze
train_011569,sneeze
train_021644,sneeze
train_008849,sneeze
train_002940,sneeze
train_016613,sneeze
train_007873,sneeze
train_005903,sneeze
train_009798,sneeze
train_017496,sneeze
train_014074,sneeze
train_001559,sneeze
train_008983,sneeze
train_003536,sneeze
train_006939,sneeze
train_005654,sneeze
train_009317,sneeze
train_011275,sneeze
train_019319,sneeze
train_004186,sneeze
train_013103,sneeze
train_004166,sneeze
train_004178,sneeze
train_007485,sneeze
train_018223,sneeze
train_012841,sneeze
train_020719,sneeze
train_010855,sneeze
train_021226,sneeze
train_022566,sneeze
train_019629,sneeze
train_018635,sneeze
train_003880,sneeze
train_013539,sneeze
train_011585,sneeze
train_019856,sneeze
train_018828,sneeze
train_012457,sneeze
train_020643,sneeze
train_018795,sneeze
train_006179,sneeze
train_017935,sneeze
train_021106,sneeze
train_005765,sneeze
train_008853,sneeze
train_011244,sneeze
train_009983,sneeze
train_009569,sneeze
train_008697,sneeze
train_023231,sneeze
train_020946,sneeze
train_016490,sneeze
train_014694,sneeze
train_022674,sneeze
train_020438,sneeze
train_009831,sneeze
train_010361,sneeze
train_015350,sneeze
train_001984,sneeze
train_013271,sneeze
train_011748,sneeze
train_004080,sneeze
train_005867,sneeze
train_007266,sneeze
train_018359,sneeze
train_000592,sneeze
train_001991,sneeze
train_020288,sneeze
train_014632,sneeze
train_017626,sneeze
train_020706,sneeze
train_012118,sneeze
train_017513,sneeze
train_016017,sneeze
train_021272,sneeze
train_009604,sneeze
train_015692,sneeze
train_020443,sneeze
train_011344,sneeze
train_021915,sneeze
train_013760,sneeze
train_002810,sneeze
train_009251,sneeze
train_001817,sneeze
train_022618,sneeze
train_015387,sneeze
train_008427,sneeze
train_006724,sneeze
train_001104,sneeze
train_002226,sneeze
train_017252,sneeze
train_001193,sneeze
train_004563,sneeze
train_007412,sneeze
train_022516,sneeze
train_014527,sneeze
train_017990,sneeze
train_012894,sneeze
train_016315,sneeze
train_003785,sneeze
train_017413,sneeze
train_012495,sneeze
train_003035,sneeze
train_019817,sneeze
train_009084,sneeze
train_015500,sneeze
train_009778,sneeze
train_010696,sneeze
train_022208,sneeze
train_018103,sneeze
train_008053,sneeze
train_015093,sneeze
train_002683,sneeze
train_006003,sneeze
train_020256,sneeze
train_014837,sneeze
train_003180,sneeze
train_002070,sneeze
train_009587,sneeze
train_022311,sneeze
train_012436,sneeze
train_010594,sneeze
train_003280,sneeze
train_017041,sneeze
train_006577,sneeze
train_006337,sneeze
train_009752,sneeze
train_017601,sneeze
train_012790,sneeze
train_013946,sneeze
train_020735,sneeze
train_021039,sneeze
train_012371,sneeze
train_023699,sneeze
train_022015,sneeze
train_018583,sneeze
train_001311,sneeze
train_007701,sneeze
train_001468,sneeze
