filename,label
LA_E_6799021_spoof_A15,1
LA_E_4409988_bonafide,0
LA_E_5595530_bonafide,0
LA_E_6732197_spoof_A14,1
LA_E_5532891_bonafide,0
LA_E_2116342_spoof_A18,1
LA_E_9242059_spoof_A08,1
LA_E_7227516_spoof_A09,1
LA_E_1935643_spoof_A08,1
LA_E_3633697_bonafide,0
LA_E_5584532_spoof_A08,1
LA_E_4778030_bonafide,0
LA_E_2718285_spoof_A08,1
LA_E_4315257_spoof_A07,1
LA_E_5065618_spoof_A17,1
LA_E_4730265_spoof_A16,1
LA_E_7925387_bonafide,0
LA_E_5995728_spoof_A11,1
LA_E_5029496_spoof_A09,1
LA_E_1873669_spoof_A18,1
LA_E_1454808_bonafide,0
LA_E_3762789_bonafide,0
LA_E_5896583_spoof_A08,1
LA_E_1467646_bonafide,0
LA_E_1001227_spoof_A11,1
LA_E_2378002_bonafide,0
LA_E_5479419_bonafide,0
LA_E_8117237_bonafide,0
LA_E_8250301_spoof_A19,1
LA_E_9463492_bonafide,0
LA_E_7651481_bonafide,0
LA_E_1819968_bonafide,0
LA_E_4198233_spoof_A08,1
LA_E_5985276_spoof_A08,1
LA_E_6444547_spoof_A14,1
LA_E_1458692_spoof_A13,1
LA_E_6246412_bonafide,0
LA_E_4330071_bonafide,0
LA_E_7828994_spoof_A17,1
LA_E_3382634_bonafide,0
LA_E_1750363_spoof_A15,1
LA_E_7324174_spoof_A13,1
LA_E_6523992_spoof_A07,1
LA_E_3447697_bonafide,0
LA_E_9147976_spoof_A13,1
LA_E_3246561_bonafide,0
LA_E_9894477_bonafide,0
LA_E_4482705_bonafide,0
LA_E_9177164_spoof_A14,1
LA_E_3818661_spoof_A08,1
LA_E_8483637_spoof_A09,1
LA_E_9624906_spoof_A10,1
LA_E_9544290_spoof_A07,1
LA_E_8708073_spoof_A13,1
LA_E_4929270_bonafide,0
LA_E_2727497_spoof_A16,1
LA_E_2177587_spoof_A13,1
LA_E_8004101_bonafide,0
LA_E_1254320_bonafide,0
LA_E_4415459_bonafide,0
LA_E_3828012_spoof_A11,1
LA_E_4224991_spoof_A19,1
LA_E_2005248_spoof_A08,1
LA_E_9400611_spoof_A15,1
LA_E_6609018_bonafide,0
LA_E_8088120_spoof_A14,1
LA_E_8393090_spoof_A11,1
LA_E_6058569_spoof_A17,1
LA_E_9552740_spoof_A16,1
LA_E_5516580_bonafide,0
LA_E_7104932_bonafide,0
LA_E_5059037_bonafide,0
LA_E_3923938_spoof_A10,1
LA_E_4828691_spoof_A14,1
LA_E_3277597_bonafide,0
LA_E_9316708_spoof_A09,1
LA_E_1028101_spoof_A12,1
LA_E_9927919_spoof_A16,1
LA_E_3333982_spoof_A07,1
LA_E_8813542_spoof_A19,1
LA_E_6973146_spoof_A10,1
LA_E_7600027_spoof_A13,1
LA_E_1453284_bonafide,0
LA_E_6523159_bonafide,0
LA_E_9825324_bonafide,0
LA_E_4156288_bonafide,0
LA_E_8077575_spoof_A11,1
LA_E_7984621_bonafide,0
LA_E_5156636_bonafide,0
LA_E_4392291_spoof_A11,1
LA_E_1663035_bonafide,0
LA_E_2049610_bonafide,0
LA_E_7866716_bonafide,0
LA_E_3106565_spoof_A17,1
LA_E_2676161_bonafide,0
LA_E_8093253_spoof_A09,1
LA_E_1318766_spoof_A19,1
LA_E_8051601_spoof_A10,1
LA_E_4263333_spoof_A13,1
LA_E_5312803_spoof_A18,1
LA_E_6001685_bonafide,0
LA_E_2801699_bonafide,0
LA_E_1313266_spoof_A08,1
LA_E_5215784_bonafide,0
LA_E_3479695_spoof_A13,1
LA_E_2726052_spoof_A17,1
LA_E_6703575_bonafide,0
LA_E_5346378_spoof_A17,1
LA_E_8814986_bonafide,0
LA_E_5591613_spoof_A15,1
LA_E_6090736_spoof_A13,1
LA_E_6328759_bonafide,0
LA_E_5215218_bonafide,0
LA_E_1990865_spoof_A15,1
LA_E_2028322_bonafide,0
LA_E_1169280_bonafide,0
LA_E_9646306_bonafide,0
LA_E_3291988_spoof_A08,1
LA_E_1951792_bonafide,0
LA_E_5873910_bonafide,0
LA_E_7782480_spoof_A18,1
LA_E_1723838_spoof_A15,1
LA_E_5654105_spoof_A07,1
LA_E_6225530_spoof_A13,1
LA_E_2578590_bonafide,0
LA_E_9295590_bonafide,0
LA_E_8108581_bonafide,0
LA_E_5364340_spoof_A12,1
LA_E_6947020_spoof_A13,1
LA_E_1639554_spoof_A13,1
LA_E_9892061_spoof_A08,1
LA_E_1016280_spoof_A13,1
LA_E_2979068_spoof_A08,1
LA_E_4292377_spoof_A16,1
LA_E_4404500_bonafide,0
LA_E_1928739_spoof_A09,1
LA_E_5875942_bonafide,0
LA_E_3017866_spoof_A18,1
LA_E_3090588_spoof_A09,1
LA_E_9120132_spoof_A14,1
LA_E_3140826_spoof_A19,1
LA_E_9057190_bonafide,0
LA_E_1243550_bonafide,0
LA_E_9340727_spoof_A19,1
LA_E_3170441_bonafide,0
LA_E_7267098_bonafide,0
LA_E_4377807_spoof_A19,1
LA_E_9288764_bonafide,0
LA_E_8403814_bonafide,0
LA_E_4232439_bonafide,0
LA_E_2878905_spoof_A18,1
LA_E_9763902_bonafide,0
LA_E_7260329_bonafide,0
LA_E_2484695_spoof_A12,1
LA_E_2538556_bonafide,0
LA_E_8321755_spoof_A10,1
LA_E_3264244_bonafide,0
LA_E_3887598_spoof_A15,1
LA_E_6011449_bonafide,0
LA_E_2260563_spoof_A18,1
LA_E_2102728_spoof_A13,1
LA_E_9565294_bonafide,0
LA_E_5651802_bonafide,0
LA_E_4870097_spoof_A09,1
LA_E_7105640_bonafide,0
LA_E_7239204_bonafide,0
LA_E_7797188_spoof_A10,1
LA_E_9104633_spoof_A12,1
LA_E_9023948_spoof_A13,1
LA_E_6476053_bonafide,0
LA_E_9269932_bonafide,0
LA_E_3832215_spoof_A19,1
LA_E_3398090_spoof_A13,1
LA_E_1239200_spoof_A13,1
LA_E_7282185_spoof_A13,1
LA_E_6502415_bonafide,0
LA_E_4156068_bonafide,0
LA_E_2790439_bonafide,0
LA_E_2235901_bonafide,0
LA_E_9435608_spoof_A16,1
LA_E_2433261_bonafide,0
LA_E_8990676_spoof_A17,1
LA_E_6661039_bonafide,0
LA_E_7301511_spoof_A19,1
LA_E_8969012_bonafide,0
LA_E_3783131_bonafide,0
LA_E_9411047_spoof_A11,1
LA_E_7632803_bonafide,0
LA_E_6890294_spoof_A17,1
LA_E_6293667_spoof_A17,1
LA_E_1903191_bonafide,0
LA_E_1370800_bonafide,0
LA_E_8659902_bonafide,0
LA_E_4965631_bonafide,0
LA_E_4028691_spoof_A18,1
LA_E_1216265_bonafide,0
LA_E_9236803_bonafide,0
LA_E_6741330_spoof_A15,1
LA_E_3541061_bonafide,0
LA_E_8093200_spoof_A19,1
LA_E_5348286_spoof_A11,1
LA_E_1616928_bonafide,0
LA_E_1350882_bonafide,0
LA_E_9497523_spoof_A07,1
LA_E_9008877_bonafide,0
LA_E_3124660_spoof_A11,1
LA_E_1753743_bonafide,0
LA_E_5560200_bonafide,0
LA_E_4114636_bonafide,0
LA_E_4804313_bonafide,0
LA_E_2651841_bonafide,0
LA_E_3267580_spoof_A12,1
LA_E_3111623_spoof_A16,1
LA_E_2937869_bonafide,0
LA_E_6527713_bonafide,0
LA_E_4115637_bonafide,0
LA_E_5550841_spoof_A14,1
LA_E_6899564_spoof_A08,1
LA_E_7313924_spoof_A16,1
LA_E_5377232_spoof_A09,1
LA_E_7180384_bonafide,0
LA_E_2188809_bonafide,0
LA_E_4319734_spoof_A07,1
LA_E_3479038_spoof_A16,1
LA_E_3795142_spoof_A16,1
LA_E_6047152_spoof_A09,1
LA_E_8851404_bonafide,0
LA_E_5981964_spoof_A19,1
LA_E_7950056_spoof_A12,1
LA_E_8199218_spoof_A18,1
LA_E_1676112_spoof_A15,1
LA_E_8118874_bonafide,0
LA_E_9416203_spoof_A10,1
LA_E_8219414_bonafide,0
LA_E_8170881_bonafide,0
LA_E_5253618_spoof_A13,1
LA_E_6001525_bonafide,0
LA_E_6656146_spoof_A19,1
LA_E_3366489_spoof_A07,1
LA_E_2382777_spoof_A17,1
LA_E_1623078_spoof_A12,1
LA_E_6261483_bonafide,0
LA_E_5079212_spoof_A16,1
LA_E_4470995_bonafide,0
LA_E_9055452_spoof_A09,1
LA_E_7617702_bonafide,0
LA_E_6911740_spoof_A11,1
LA_E_6982438_bonafide,0
LA_E_8895135_spoof_A12,1
LA_E_8445242_bonafide,0
LA_E_8100106_spoof_A10,1
LA_E_3445486_bonafide,0
LA_E_8357084_bonafide,0
LA_E_7969213_bonafide,0
LA_E_3939546_bonafide,0
LA_E_9489707_spoof_A13,1
LA_E_2811963_spoof_A14,1
LA_E_4605793_bonafide,0
LA_E_4639601_bonafide,0
LA_E_7573921_bonafide,0
LA_E_6535332_bonafide,0
LA_E_9342797_bonafide,0
LA_E_9190045_bonafide,0
LA_E_6561636_spoof_A16,1
LA_E_4489254_spoof_A12,1
LA_E_6488911_bonafide,0
LA_E_3506812_bonafide,0
LA_E_3537845_spoof_A07,1
LA_E_8946234_spoof_A14,1
LA_E_9246681_spoof_A07,1
LA_E_8282524_spoof_A07,1
LA_E_1750680_bonafide,0
LA_E_4139560_bonafide,0
LA_E_7668503_spoof_A14,1
LA_E_6731982_bonafide,0
LA_E_9401966_spoof_A17,1
LA_E_2833366_spoof_A11,1
LA_E_8157957_spoof_A17,1
LA_E_4562708_bonafide,0
LA_E_8052268_bonafide,0
LA_E_2769409_spoof_A11,1
LA_E_4924002_bonafide,0
LA_E_3297652_bonafide,0
LA_E_1695299_spoof_A16,1
LA_E_6082357_spoof_A19,1
LA_E_7862687_bonafide,0
LA_E_9979185_bonafide,0
LA_E_4826136_spoof_A09,1
LA_E_1500066_bonafide,0
LA_E_2710897_spoof_A08,1
LA_E_3607007_spoof_A14,1
LA_E_3633167_spoof_A11,1
LA_E_1471269_bonafide,0
LA_E_1402185_bonafide,0
LA_E_1231345_bonafide,0
LA_E_9696731_spoof_A08,1
LA_E_6254796_bonafide,0
LA_E_2181584_spoof_A09,1
LA_E_6579664_bonafide,0
LA_E_8787864_spoof_A14,1
LA_E_3556859_spoof_A18,1
LA_E_8992211_bonafide,0
LA_E_3519412_spoof_A18,1
LA_E_1607461_bonafide,0
LA_E_6440091_spoof_A16,1
LA_E_8251890_spoof_A17,1
LA_E_8485268_bonafide,0
LA_E_7796884_bonafide,0
LA_E_7664211_spoof_A15,1
LA_E_7566841_bonafide,0
LA_E_7638271_spoof_A16,1
LA_E_2648590_bonafide,0
LA_E_6171281_bonafide,0
LA_E_6606295_bonafide,0
LA_E_6371368_spoof_A16,1
LA_E_7610871_spoof_A19,1
LA_E_9580036_spoof_A08,1
LA_E_5168769_bonafide,0
LA_E_4188484_spoof_A12,1
LA_E_1011807_bonafide,0
LA_E_2655465_spoof_A12,1
LA_E_8892674_bonafide,0
LA_E_1859663_spoof_A15,1
LA_E_2131280_bonafide,0
LA_E_8856110_bonafide,0
LA_E_2824959_bonafide,0
LA_E_2921332_bonafide,0
LA_E_2881784_bonafide,0
LA_E_5792044_spoof_A15,1
LA_E_5285064_bonafide,0
LA_E_5137050_bonafide,0
LA_E_5858403_bonafide,0
LA_E_1563968_spoof_A10,1
LA_E_6681496_spoof_A19,1
LA_E_9168780_spoof_A15,1
LA_E_5628489_spoof_A18,1
LA_E_2841982_bonafide,0
LA_E_2876321_bonafide,0
LA_E_4851285_spoof_A17,1
LA_E_9482564_bonafide,0
LA_E_8330302_bonafide,0
LA_E_1598102_bonafide,0
LA_E_4173552_bonafide,0
LA_E_5231295_bonafide,0
LA_E_4075497_bonafide,0
LA_E_4746357_spoof_A13,1
LA_E_1290179_spoof_A08,1
LA_E_1516957_spoof_A10,1
LA_E_2755462_spoof_A12,1
LA_E_5953449_bonafide,0
LA_E_6500628_spoof_A10,1
LA_E_2253129_bonafide,0
LA_E_1745462_bonafide,0
LA_E_1070257_bonafide,0
LA_E_3097677_spoof_A07,1
LA_E_2125541_bonafide,0
LA_E_8301788_bonafide,0
LA_E_4980509_spoof_A14,1
LA_E_1986600_spoof_A14,1
LA_E_4803634_spoof_A16,1
LA_E_3705845_spoof_A12,1
LA_E_1942975_bonafide,0
LA_E_3805899_spoof_A18,1
LA_E_8307936_spoof_A13,1
LA_E_2461022_bonafide,0
LA_E_7710028_bonafide,0
LA_E_9048963_spoof_A18,1
LA_E_6638292_spoof_A17,1
LA_E_3097042_spoof_A09,1
LA_E_1212248_bonafide,0
LA_E_1858896_spoof_A19,1
LA_E_3918525_bonafide,0
LA_E_4101783_spoof_A19,1
LA_E_6690917_spoof_A15,1
LA_E_9932449_bonafide,0
LA_E_1668966_bonafide,0
LA_E_1315683_spoof_A14,1
LA_E_2295832_spoof_A18,1
LA_E_1691952_bonafide,0
LA_E_1529479_spoof_A19,1
LA_E_6873146_spoof_A10,1
LA_E_5962916_bonafide,0
LA_E_9290704_spoof_A19,1
LA_E_7831898_bonafide,0
LA_E_5742841_bonafide,0
LA_E_3779448_bonafide,0
LA_E_7681319_bonafide,0
LA_E_1843915_spoof_A16,1
LA_E_5638524_bonafide,0
LA_E_4610908_bonafide,0
LA_E_4021725_spoof_A11,1
LA_E_2711298_spoof_A16,1
LA_E_2340076_bonafide,0
LA_E_9893915_spoof_A11,1
LA_E_8885186_bonafide,0
LA_E_4660937_bonafide,0
LA_E_2877092_bonafide,0
LA_E_1636735_spoof_A14,1
LA_E_8195769_spoof_A14,1
LA_E_9021583_spoof_A12,1
LA_E_1422257_spoof_A14,1
LA_E_1444758_bonafide,0
LA_E_8669009_spoof_A14,1
LA_E_2484416_spoof_A16,1
LA_E_5112246_bonafide,0
LA_E_1300185_spoof_A14,1
LA_E_1367667_spoof_A12,1
LA_E_8313781_bonafide,0
LA_E_9591302_spoof_A15,1
LA_E_5199825_bonafide,0
LA_E_2505571_spoof_A09,1
LA_E_2275528_bonafide,0
LA_E_3033183_spoof_A15,1
LA_E_3605561_spoof_A08,1
LA_E_3846836_spoof_A18,1
LA_E_5636823_spoof_A17,1
LA_E_6690636_bonafide,0
LA_E_4495799_bonafide,0
LA_E_4621814_spoof_A07,1
LA_E_3366977_bonafide,0
LA_E_8522300_bonafide,0
LA_E_3821427_spoof_A11,1
LA_E_5753236_bonafide,0
LA_E_9539212_spoof_A11,1
LA_E_9926884_spoof_A13,1
LA_E_9283613_spoof_A17,1
LA_E_2352593_spoof_A12,1
LA_E_6328083_spoof_A13,1
LA_E_9873836_spoof_A19,1
LA_E_9366516_spoof_A09,1
LA_E_5850811_spoof_A16,1
LA_E_3840546_bonafide,0
LA_E_3002135_bonafide,0
LA_E_6134868_bonafide,0
LA_E_3021853_bonafide,0
LA_E_2386709_bonafide,0
LA_E_9046010_bonafide,0
LA_E_4952867_bonafide,0
LA_E_4581379_bonafide,0
LA_E_7471680_bonafide,0
LA_E_2239510_bonafide,0
LA_E_8943505_spoof_A15,1
LA_E_3849093_bonafide,0
LA_E_5626107_spoof_A13,1
LA_E_7620884_bonafide,0
LA_E_2268477_bonafide,0
LA_E_8807631_spoof_A11,1
LA_E_5490861_bonafide,0
LA_E_5562740_bonafide,0
LA_E_4004187_spoof_A10,1
LA_E_2847669_spoof_A09,1
LA_E_1296422_spoof_A12,1
LA_E_3662025_bonafide,0
LA_E_5420381_spoof_A14,1
LA_E_9162077_spoof_A09,1
LA_E_7700685_bonafide,0
LA_E_9605186_bonafide,0
LA_E_3189246_spoof_A08,1
LA_E_5755456_bonafide,0
LA_E_3998286_bonafide,0
LA_E_5811492_spoof_A10,1
LA_E_4688494_spoof_A13,1
LA_E_6636246_bonafide,0
LA_E_5016775_bonafide,0
LA_E_1163404_bonafide,0
LA_E_9006627_bonafide,0
LA_E_8065085_bonafide,0
LA_E_2888211_spoof_A11,1
LA_E_2217249_bonafide,0
LA_E_7775814_spoof_A14,1
LA_E_8374049_bonafide,0
LA_E_6822908_spoof_A19,1
LA_E_5572640_bonafide,0
LA_E_8733829_bonafide,0
LA_E_6056458_spoof_A14,1
LA_E_5746473_bonafide,0
LA_E_2567147_bonafide,0
LA_E_5212612_spoof_A08,1
LA_E_3508317_spoof_A17,1
LA_E_7880698_bonafide,0
LA_E_2026090_spoof_A10,1
LA_E_8729915_spoof_A16,1
LA_E_2082186_bonafide,0
LA_E_1890381_bonafide,0
LA_E_2712148_bonafide,0
LA_E_7885470_spoof_A16,1
LA_E_3347619_spoof_A07,1
LA_E_1748480_bonafide,0
LA_E_8212125_spoof_A10,1
LA_E_4817553_bonafide,0
LA_E_7884603_bonafide,0
LA_E_4887012_bonafide,0
LA_E_3152710_spoof_A19,1
LA_E_9440155_spoof_A17,1
LA_E_5017602_spoof_A19,1
LA_E_3841855_bonafide,0
LA_E_2645554_spoof_A10,1
LA_E_3734696_spoof_A15,1
LA_E_7690394_spoof_A17,1
LA_E_4361117_bonafide,0
LA_E_8059847_spoof_A16,1
LA_E_4699279_spoof_A17,1
LA_E_4928841_bonafide,0
LA_E_4993966_spoof_A14,1
LA_E_3132341_spoof_A14,1
LA_E_5263265_bonafide,0
LA_E_1676442_spoof_A08,1
LA_E_9675420_bonafide,0
LA_E_6366783_bonafide,0
LA_E_3593479_bonafide,0
LA_E_9689977_bonafide,0
LA_E_1625712_bonafide,0
LA_E_7439950_bonafide,0
LA_E_9280037_bonafide,0
LA_E_9146742_bonafide,0
LA_E_5714850_spoof_A13,1
LA_E_7518630_bonafide,0
LA_E_8845918_bonafide,0
LA_E_4264368_spoof_A08,1
LA_E_6491607_spoof_A11,1
LA_E_3771356_bonafide,0
LA_E_2478039_bonafide,0
LA_E_8932883_bonafide,0
LA_E_2579096_spoof_A09,1
LA_E_7828205_bonafide,0
LA_E_7557148_spoof_A08,1
LA_E_3951745_spoof_A16,1
LA_E_5741011_spoof_A07,1
LA_E_9486227_spoof_A07,1
LA_E_2804359_spoof_A15,1
LA_E_5573187_spoof_A18,1
LA_E_9649773_bonafide,0
LA_E_7729981_bonafide,0
LA_E_3884113_bonafide,0
LA_E_1868427_spoof_A18,1
LA_E_6367399_spoof_A10,1
LA_E_2397457_spoof_A09,1
LA_E_7844149_bonafide,0
LA_E_2285796_spoof_A19,1
LA_E_4194286_spoof_A17,1
LA_E_2049676_spoof_A12,1
LA_E_2616671_bonafide,0
LA_E_1233500_spoof_A12,1
LA_E_8293849_spoof_A10,1
LA_E_4191635_bonafide,0
LA_E_3498099_spoof_A08,1
LA_E_4747395_bonafide,0
LA_E_8752048_bonafide,0
LA_E_4041565_bonafide,0
LA_E_4157928_bonafide,0
LA_E_6471732_spoof_A14,1
LA_E_2875297_spoof_A08,1
LA_E_5321810_bonafide,0
LA_E_4650657_bonafide,0
LA_E_4342514_spoof_A11,1
LA_E_1758851_bonafide,0
LA_E_4449614_spoof_A16,1
LA_E_5617981_spoof_A11,1
LA_E_5982764_bonafide,0
LA_E_4338937_spoof_A19,1
LA_E_9868213_spoof_A18,1
LA_E_3559047_bonafide,0
LA_E_8104208_bonafide,0
LA_E_4193869_spoof_A15,1
LA_E_8666185_bonafide,0
LA_E_8106773_spoof_A09,1
LA_E_1095426_bonafide,0
LA_E_3066139_spoof_A12,1
LA_E_5719700_spoof_A09,1
LA_E_1329718_bonafide,0
LA_E_4924763_spoof_A18,1
LA_E_2831311_spoof_A07,1
LA_E_5427519_spoof_A11,1
LA_E_8740592_bonafide,0
LA_E_7485584_spoof_A08,1
LA_E_7583466_bonafide,0
LA_E_3818979_spoof_A16,1
LA_E_3975888_bonafide,0
LA_E_7141490_bonafide,0
LA_E_2831602_bonafide,0
LA_E_9472179_spoof_A08,1
LA_E_8727289_spoof_A17,1
LA_E_2790467_bonafide,0
LA_E_1073482_bonafide,0
LA_E_1989960_spoof_A12,1
LA_E_2383074_bonafide,0
LA_E_3144502_bonafide,0
LA_E_1320836_bonafide,0
LA_E_8353705_bonafide,0
LA_E_8978390_bonafide,0
LA_E_8853643_bonafide,0
LA_E_8808909_spoof_A14,1
LA_E_3740413_spoof_A08,1
LA_E_9439240_bonafide,0
LA_E_6290182_bonafide,0
LA_E_9289400_bonafide,0
LA_E_5474635_bonafide,0
LA_E_1474115_spoof_A14,1
LA_E_4158357_spoof_A14,1
LA_E_6067970_bonafide,0
LA_E_6908485_spoof_A17,1
LA_E_3683132_bonafide,0
LA_E_6699737_bonafide,0
LA_E_9337825_bonafide,0
LA_E_6941336_spoof_A16,1
LA_E_8182325_bonafide,0
LA_E_4087471_bonafide,0
LA_E_1935534_spoof_A10,1
LA_E_3837694_bonafide,0
LA_E_3177152_spoof_A16,1
LA_E_9300406_spoof_A19,1
LA_E_6173052_spoof_A18,1
LA_E_8388218_spoof_A15,1
LA_E_3137177_bonafide,0
LA_E_3982309_bonafide,0
LA_E_8905251_spoof_A18,1
LA_E_5500719_spoof_A17,1
LA_E_5590111_spoof_A10,1
LA_E_4573130_bonafide,0
LA_E_2992403_bonafide,0
LA_E_4749618_bonafide,0
LA_E_1059108_spoof_A07,1
LA_E_4067751_bonafide,0
LA_E_7487309_bonafide,0
LA_E_7224206_spoof_A07,1
LA_E_4229373_spoof_A10,1
LA_E_2802472_bonafide,0
LA_E_7871476_spoof_A10,1
LA_E_6450793_spoof_A07,1
LA_E_9660021_bonafide,0
LA_E_8349569_spoof_A16,1
LA_E_6899123_bonafide,0
LA_E_8986771_spoof_A07,1
LA_E_7123823_bonafide,0
LA_E_9315918_spoof_A11,1
LA_E_4367946_bonafide,0
LA_E_5083001_bonafide,0
LA_E_4897588_spoof_A10,1
LA_E_4787047_bonafide,0
LA_E_4879608_spoof_A18,1
LA_E_6345587_spoof_A15,1
LA_E_8964165_bonafide,0
LA_E_1946817_spoof_A13,1
LA_E_9481920_spoof_A18,1
LA_E_3593331_bonafide,0
LA_E_9432378_bonafide,0
LA_E_4917897_spoof_A17,1
LA_E_4177545_spoof_A15,1
LA_E_3304079_spoof_A17,1
LA_E_5160696_spoof_A19,1
LA_E_8937483_spoof_A11,1
LA_E_7198631_spoof_A08,1
LA_E_3181822_spoof_A17,1
LA_E_6937172_bonafide,0
LA_E_7198120_bonafide,0
LA_E_6841445_spoof_A16,1
LA_E_4967325_bonafide,0
LA_E_5750310_bonafide,0
LA_E_9051773_bonafide,0
LA_E_7705904_spoof_A11,1
LA_E_2282085_bonafide,0
LA_E_9558386_spoof_A12,1
LA_E_9585047_bonafide,0
LA_E_1129759_bonafide,0
LA_E_9311835_bonafide,0
LA_E_3466748_spoof_A14,1
LA_E_2570753_spoof_A09,1
LA_E_9957197_bonafide,0
LA_E_9766259_bonafide,0
LA_E_8083510_bonafide,0
LA_E_9138131_spoof_A19,1
LA_E_1727087_bonafide,0
LA_E_3369546_spoof_A07,1
LA_E_1430330_bonafide,0
LA_E_7905972_spoof_A09,1
LA_E_4679632_bonafide,0
LA_E_2036582_spoof_A08,1
LA_E_7861105_bonafide,0
LA_E_7438803_spoof_A16,1
LA_E_3113041_bonafide,0
LA_E_1210327_bonafide,0
LA_E_2854126_bonafide,0
LA_E_6434453_bonafide,0
LA_E_1303457_bonafide,0
LA_E_7329815_spoof_A13,1
LA_E_9857687_bonafide,0
LA_E_3145588_bonafide,0
LA_E_1117869_spoof_A17,1
LA_E_5700909_bonafide,0
LA_E_9694301_spoof_A17,1
LA_E_3497743_spoof_A08,1
LA_E_4648479_spoof_A16,1
LA_E_6582174_spoof_A16,1
LA_E_6807906_bonafide,0
LA_E_2785385_bonafide,0
LA_E_6706278_spoof_A11,1
LA_E_5784067_spoof_A07,1
LA_E_2760731_bonafide,0
LA_E_6803735_bonafide,0
LA_E_2461528_spoof_A16,1
LA_E_7673185_bonafide,0
LA_E_1033108_bonafide,0
LA_E_5884399_bonafide,0
LA_E_4905096_spoof_A12,1
LA_E_5950417_spoof_A12,1
LA_E_2871089_spoof_A11,1
LA_E_4645429_bonafide,0
LA_E_2929617_spoof_A07,1
LA_E_9773369_bonafide,0
LA_E_8936522_spoof_A16,1
LA_E_9035171_bonafide,0
LA_E_4110602_spoof_A08,1
LA_E_4860534_spoof_A19,1
LA_E_6272648_spoof_A15,1
LA_E_2143305_spoof_A11,1
LA_E_6265563_bonafide,0
LA_E_5582370_spoof_A10,1
LA_E_8945666_bonafide,0
LA_E_4837462_spoof_A09,1
LA_E_7866517_bonafide,0
LA_E_1826352_spoof_A09,1
LA_E_9521903_spoof_A14,1
LA_E_7429146_spoof_A09,1
LA_E_1103494_bonafide,0
LA_E_4200961_spoof_A08,1
LA_E_5741000_bonafide,0
LA_E_1007831_spoof_A17,1
LA_E_3346353_bonafide,0
LA_E_2777797_spoof_A10,1
LA_E_1275380_spoof_A13,1
LA_E_1957903_bonafide,0
LA_E_5461088_spoof_A07,1
LA_E_9103991_spoof_A15,1
LA_E_9299157_bonafide,0
LA_E_4975687_spoof_A13,1
LA_E_6531018_spoof_A11,1
LA_E_9339569_spoof_A18,1
LA_E_6276425_spoof_A08,1
LA_E_2790723_bonafide,0
LA_E_5245205_bonafide,0
LA_E_7118794_spoof_A18,1
LA_E_3150427_spoof_A17,1
LA_E_5008402_spoof_A17,1
LA_E_2349605_spoof_A12,1
LA_E_8969571_spoof_A11,1
LA_E_5637123_spoof_A12,1
LA_E_7372702_spoof_A10,1
LA_E_3762029_spoof_A14,1
LA_E_7511689_spoof_A18,1
LA_E_1945487_spoof_A10,1
LA_E_2947283_spoof_A14,1
LA_E_9981422_bonafide,0
LA_E_3191599_spoof_A15,1
LA_E_6628017_bonafide,0
LA_E_1580699_bonafide,0
LA_E_9343706_spoof_A19,1
LA_E_3437343_spoof_A19,1
LA_E_6465941_spoof_A09,1
LA_E_2278882_spoof_A07,1
LA_E_8383122_bonafide,0
LA_E_2912526_bonafide,0
LA_E_6319722_bonafide,0
LA_E_1351470_bonafide,0
LA_E_7715041_bonafide,0
LA_E_4240833_bonafide,0
LA_E_8339404_bonafide,0
LA_E_5177352_bonafide,0
LA_E_1628651_spoof_A17,1
LA_E_2421403_spoof_A09,1
LA_E_9564542_bonafide,0
LA_E_8991032_bonafide,0
LA_E_4729826_spoof_A12,1
LA_E_6904782_bonafide,0
LA_E_2421248_spoof_A16,1
LA_E_4075729_spoof_A13,1
LA_E_1309915_bonafide,0
LA_E_7951315_bonafide,0
LA_E_4217025_bonafide,0
LA_E_2352176_spoof_A10,1
LA_E_7237077_bonafide,0
LA_E_9580615_spoof_A08,1
LA_E_8215652_spoof_A18,1
LA_E_8914377_bonafide,0
LA_E_3081266_bonafide,0
LA_E_8144036_spoof_A17,1
LA_E_2164728_spoof_A16,1
LA_E_1590399_spoof_A09,1
LA_E_5994549_spoof_A11,1
LA_E_3593052_bonafide,0
LA_E_6582546_spoof_A08,1
LA_E_8881313_bonafide,0
LA_E_5317832_bonafide,0
LA_E_3722291_spoof_A12,1
LA_E_4297528_bonafide,0
LA_E_7558691_bonafide,0
LA_E_7683608_bonafide,0
LA_E_8542590_bonafide,0
LA_E_7136460_bonafide,0
LA_E_5201647_bonafide,0
LA_E_8985880_spoof_A19,1
LA_E_6813390_spoof_A13,1
LA_E_3078980_spoof_A16,1
LA_E_8414488_spoof_A18,1
LA_E_1571962_spoof_A11,1
LA_E_5003508_bonafide,0
LA_E_7607890_bonafide,0
LA_E_1004704_spoof_A17,1
LA_E_5087386_spoof_A10,1
LA_E_1523600_spoof_A16,1
LA_E_7217402_bonafide,0
LA_E_6925709_spoof_A12,1
LA_E_2889080_spoof_A08,1
LA_E_8102404_spoof_A19,1
LA_E_1853047_spoof_A14,1
LA_E_5575341_bonafide,0
LA_E_1922698_bonafide,0
LA_E_6467158_bonafide,0
LA_E_6686960_spoof_A19,1
LA_E_5922149_bonafide,0
LA_E_6627372_spoof_A08,1
LA_E_1698492_bonafide,0
LA_E_4387808_bonafide,0
LA_E_9248440_spoof_A19,1
LA_E_2004583_spoof_A10,1
LA_E_8119627_spoof_A13,1
LA_E_2611278_spoof_A18,1
LA_E_5292305_bonafide,0
LA_E_1759688_bonafide,0
LA_E_6699186_bonafide,0
LA_E_7500200_spoof_A11,1
LA_E_1081421_spoof_A13,1
LA_E_6113846_bonafide,0
LA_E_4955668_bonafide,0
LA_E_3622738_bonafide,0
LA_E_5292190_spoof_A18,1
LA_E_1302697_spoof_A14,1
LA_E_2483996_bonafide,0
LA_E_5942995_spoof_A16,1
LA_E_2866269_spoof_A13,1
LA_E_6028161_bonafide,0
LA_E_5818545_spoof_A12,1
LA_E_9402233_spoof_A19,1
LA_E_6323916_bonafide,0
LA_E_7963893_bonafide,0
LA_E_1112971_bonafide,0
LA_E_4800407_spoof_A16,1
LA_E_4703231_bonafide,0
LA_E_4708521_bonafide,0
LA_E_3704961_bonafide,0
LA_E_9621748_spoof_A16,1
LA_E_6781592_spoof_A14,1
LA_E_8148273_spoof_A19,1
LA_E_2353815_bonafide,0
LA_E_9082970_bonafide,0
LA_E_7094448_bonafide,0
LA_E_5724635_bonafide,0
LA_E_7478324_bonafide,0
LA_E_5992367_bonafide,0
LA_E_5632183_spoof_A08,1
LA_E_3165870_spoof_A09,1
LA_E_9158742_bonafide,0
LA_E_3125225_bonafide,0
LA_E_8293284_spoof_A17,1
LA_E_9019497_spoof_A10,1
LA_E_8021533_bonafide,0
LA_E_1279759_spoof_A12,1
LA_E_9087500_bonafide,0
LA_E_3698012_bonafide,0
LA_E_9242384_spoof_A19,1
LA_E_6449371_spoof_A10,1
LA_E_5085871_spoof_A14,1
LA_E_6031851_spoof_A10,1
LA_E_2919373_bonafide,0
LA_E_9776915_bonafide,0
LA_E_8553492_bonafide,0
LA_E_8913277_spoof_A16,1
LA_E_8636129_bonafide,0
LA_E_9711431_bonafide,0
LA_E_5716396_bonafide,0
LA_E_1823560_spoof_A08,1
LA_E_4430867_bonafide,0
LA_E_2870253_bonafide,0
LA_E_6078220_spoof_A14,1
LA_E_3766766_spoof_A09,1
LA_E_9585172_spoof_A09,1
LA_E_7530494_bonafide,0
LA_E_8992107_spoof_A11,1
LA_E_8517000_spoof_A17,1
LA_E_1681431_bonafide,0
LA_E_2385806_bonafide,0
LA_E_2881170_spoof_A09,1
LA_E_9415493_spoof_A14,1
LA_E_4447789_spoof_A08,1
LA_E_2572824_spoof_A12,1
LA_E_7496378_spoof_A13,1
LA_E_7090504_spoof_A18,1
LA_E_1603534_spoof_A15,1
LA_E_6715486_bonafide,0
LA_E_7708730_spoof_A12,1
LA_E_4651216_bonafide,0
LA_E_2911372_bonafide,0
LA_E_7371309_spoof_A16,1
LA_E_6874423_bonafide,0
LA_E_8941313_bonafide,0
LA_E_6836797_spoof_A09,1
LA_E_6676328_bonafide,0
LA_E_6682282_bonafide,0
LA_E_4744977_spoof_A17,1
LA_E_1364739_spoof_A16,1
LA_E_9784651_bonafide,0
LA_E_4975291_spoof_A17,1
LA_E_6061411_spoof_A16,1
LA_E_6377471_bonafide,0
LA_E_7060330_spoof_A18,1
LA_E_2034856_spoof_A09,1
LA_E_7766908_spoof_A19,1
LA_E_9962987_spoof_A12,1
LA_E_2863980_spoof_A19,1
LA_E_5559868_bonafide,0
LA_E_3065062_bonafide,0
LA_E_5742570_bonafide,0
LA_E_5431050_bonafide,0
LA_E_3812190_bonafide,0
LA_E_7019329_spoof_A14,1
LA_E_1760274_spoof_A16,1
LA_E_1017239_spoof_A13,1
LA_E_7214407_bonafide,0
LA_E_8530218_bonafide,0
LA_E_3110493_bonafide,0
LA_E_7029916_spoof_A09,1
LA_E_9970199_bonafide,0
LA_E_8428118_spoof_A07,1
LA_E_8942023_spoof_A14,1
LA_E_4046118_bonafide,0
LA_E_2864414_spoof_A08,1
LA_E_1983133_bonafide,0
LA_E_9724007_bonafide,0
LA_E_9272857_bonafide,0
LA_E_9965269_spoof_A08,1
LA_E_5986424_bonafide,0
LA_E_1185185_spoof_A14,1
LA_E_3060526_bonafide,0
LA_E_6918828_spoof_A16,1
LA_E_3231527_bonafide,0
LA_E_4419869_spoof_A08,1
LA_E_4764424_spoof_A14,1
LA_E_8943597_spoof_A12,1
LA_E_3166035_spoof_A10,1
LA_E_1283712_bonafide,0
LA_E_5093631_spoof_A19,1
LA_E_1938897_bonafide,0
LA_E_2575390_spoof_A14,1
LA_E_8697524_bonafide,0
LA_E_9138143_bonafide,0
LA_E_6907972_spoof_A16,1
LA_E_3413932_spoof_A07,1
LA_E_3190451_bonafide,0
LA_E_1343036_spoof_A11,1
LA_E_9885392_spoof_A12,1
LA_E_2405723_bonafide,0
LA_E_2136106_bonafide,0
LA_E_3989447_bonafide,0
LA_E_3323277_bonafide,0
LA_E_8718241_spoof_A12,1
LA_E_5576419_spoof_A17,1
LA_E_5388075_bonafide,0
LA_E_1739289_bonafide,0
LA_E_6764739_spoof_A14,1
LA_E_2382105_bonafide,0
LA_E_5026504_bonafide,0
LA_E_5483160_bonafide,0
LA_E_2721112_spoof_A18,1
LA_E_8299383_spoof_A15,1
LA_E_8133764_spoof_A13,1
LA_E_3879437_spoof_A14,1
LA_E_1224525_bonafide,0
LA_E_7530963_spoof_A16,1
LA_E_4948334_spoof_A17,1
LA_E_8044736_spoof_A13,1
LA_E_4823155_spoof_A14,1
LA_E_1053042_spoof_A11,1
LA_E_8654706_spoof_A15,1
LA_E_3621931_bonafide,0
LA_E_5796726_bonafide,0
LA_E_3690298_bonafide,0
LA_E_2764349_bonafide,0
LA_E_3196206_bonafide,0
LA_E_6345957_spoof_A11,1
LA_E_5007220_bonafide,0
LA_E_7352998_bonafide,0
LA_E_9321675_spoof_A08,1
LA_E_7862236_bonafide,0
LA_E_9550720_bonafide,0
LA_E_7266939_bonafide,0
LA_E_2288295_bonafide,0
LA_E_5572075_spoof_A17,1
LA_E_8162234_spoof_A19,1
LA_E_1508716_spoof_A08,1
LA_E_3148824_spoof_A10,1
LA_E_2613289_spoof_A07,1
LA_E_3884900_spoof_A15,1
LA_E_6419267_bonafide,0
LA_E_2124225_bonafide,0
LA_E_8191235_bonafide,0
LA_E_3789398_spoof_A07,1
LA_E_5117853_spoof_A15,1
LA_E_8114134_spoof_A14,1
LA_E_5455026_bonafide,0
LA_E_8030705_bonafide,0
LA_E_3480966_bonafide,0
LA_E_2858739_bonafide,0
LA_E_4798048_spoof_A12,1
LA_E_5975050_bonafide,0
LA_E_2804222_spoof_A12,1
LA_E_2983735_bonafide,0
LA_E_4262706_bonafide,0
LA_E_9361219_spoof_A10,1
LA_E_1895751_bonafide,0
LA_E_9381826_bonafide,0
LA_E_1783200_spoof_A17,1
LA_E_6161337_bonafide,0
LA_E_2578008_bonafide,0
LA_E_9594436_bonafide,0
LA_E_7002995_spoof_A08,1
LA_E_6554540_bonafide,0
LA_E_4038025_spoof_A07,1
LA_E_1137766_bonafide,0
LA_E_4430764_spoof_A15,1
LA_E_2448623_bonafide,0
LA_E_4281346_spoof_A11,1
LA_E_9053445_bonafide,0
LA_E_8552561_spoof_A17,1
LA_E_3856365_bonafide,0
LA_E_8028789_spoof_A08,1
LA_E_5488695_bonafide,0
LA_E_8935079_bonafide,0
LA_E_7975885_spoof_A17,1
LA_E_9452579_spoof_A17,1
LA_E_9410515_spoof_A19,1
LA_E_4135203_bonafide,0
LA_E_7681996_spoof_A11,1
LA_E_1044956_bonafide,0
LA_E_8165691_spoof_A11,1
LA_E_5483412_spoof_A08,1
LA_E_6655567_bonafide,0
LA_E_6581515_spoof_A12,1
LA_E_4773619_spoof_A15,1
LA_E_6744649_spoof_A11,1
LA_E_5880298_bonafide,0
LA_E_8211110_spoof_A15,1
LA_E_4390450_spoof_A16,1
LA_E_7768253_bonafide,0
LA_E_6242298_spoof_A11,1
LA_E_6802002_spoof_A15,1
LA_E_7359612_spoof_A11,1
LA_E_6471133_bonafide,0
LA_E_5973414_spoof_A19,1
LA_E_2914820_bonafide,0
LA_E_6740288_spoof_A15,1
LA_E_4545487_spoof_A08,1
LA_E_9655762_spoof_A07,1
LA_E_7726662_spoof_A12,1
LA_E_6427745_bonafide,0
LA_E_8870408_spoof_A15,1
LA_E_8477179_bonafide,0
LA_E_8770944_spoof_A07,1
LA_E_3177744_bonafide,0
LA_E_7876916_spoof_A08,1
LA_E_1298422_bonafide,0
LA_E_9789371_bonafide,0
LA_E_1583855_bonafide,0
LA_E_5047753_spoof_A10,1
LA_E_6755461_bonafide,0
LA_E_1235225_bonafide,0
LA_E_9116583_spoof_A10,1
LA_E_7945842_bonafide,0
LA_E_8590847_bonafide,0
LA_E_9910355_spoof_A15,1
LA_E_7411426_bonafide,0
LA_E_5670247_spoof_A11,1
LA_E_5348151_bonafide,0
LA_E_2391983_spoof_A12,1
LA_E_7336761_bonafide,0
LA_E_9253407_spoof_A11,1
LA_E_3410060_bonafide,0
LA_E_8871624_spoof_A12,1
LA_E_4726602_bonafide,0
LA_E_3508786_bonafide,0
LA_E_9197189_bonafide,0
LA_E_3304529_spoof_A17,1
LA_E_7765212_bonafide,0
LA_E_4088203_spoof_A08,1
LA_E_5927694_spoof_A18,1
LA_E_4025699_bonafide,0
LA_E_5481260_bonafide,0
LA_E_6372387_bonafide,0
LA_E_2863201_spoof_A11,1
LA_E_6220606_spoof_A14,1
LA_E_7434655_spoof_A18,1
LA_E_1618673_spoof_A13,1
LA_E_4765703_spoof_A19,1
LA_E_6589204_bonafide,0
LA_E_9847129_bonafide,0
LA_E_7484573_bonafide,0
LA_E_1355673_spoof_A13,1
LA_E_2032190_spoof_A14,1
LA_E_1151996_bonafide,0
LA_E_6890302_bonafide,0
LA_E_3825853_spoof_A13,1
LA_E_1646722_bonafide,0
LA_E_6263050_bonafide,0
LA_E_5143238_bonafide,0
LA_E_7007477_bonafide,0
LA_E_3038069_spoof_A07,1
LA_E_2594175_bonafide,0
LA_E_4454582_bonafide,0
LA_E_8293512_spoof_A11,1
LA_E_3435486_bonafide,0
LA_E_5033229_bonafide,0
LA_E_6999262_spoof_A14,1
LA_E_6255711_bonafide,0
LA_E_7409931_bonafide,0
LA_E_4959212_spoof_A07,1
LA_E_1749466_spoof_A17,1
LA_E_6553850_spoof_A15,1
LA_E_2629026_spoof_A19,1
LA_E_9840058_bonafide,0
LA_E_5927801_bonafide,0
LA_E_3256145_bonafide,0
LA_E_2714799_spoof_A16,1
LA_E_9636521_spoof_A16,1
LA_E_6806556_spoof_A10,1
LA_E_7074327_spoof_A10,1
LA_E_7842052_spoof_A16,1
LA_E_1461079_spoof_A08,1
LA_E_6077140_spoof_A09,1
LA_E_1768467_bonafide,0
LA_E_4680097_bonafide,0
LA_E_8996299_bonafide,0
LA_E_6668544_bonafide,0
LA_E_7354412_spoof_A13,1
LA_E_1890179_spoof_A12,1
LA_E_9617850_bonafide,0
LA_E_1696405_spoof_A13,1
LA_E_6677864_bonafide,0
LA_E_7523491_spoof_A07,1
LA_E_6052479_bonafide,0
LA_E_4747731_bonafide,0
LA_E_1154375_bonafide,0
LA_E_5125520_spoof_A09,1
LA_E_2349764_bonafide,0
LA_E_4184575_bonafide,0
LA_E_2355715_spoof_A17,1
LA_E_2264956_bonafide,0
LA_E_3188565_bonafide,0
LA_E_4185694_bonafide,0
LA_E_7314361_bonafide,0
LA_E_8734813_bonafide,0
LA_E_9118553_bonafide,0
LA_E_9100431_spoof_A07,1
LA_E_5522956_spoof_A16,1
LA_E_5948118_bonafide,0
LA_E_6888397_bonafide,0
LA_E_2191665_bonafide,0
LA_E_6442182_spoof_A12,1
LA_E_4957275_bonafide,0
LA_E_4541284_bonafide,0
LA_E_1766337_spoof_A10,1
LA_E_5304322_spoof_A18,1
LA_E_2994217_bonafide,0
LA_E_8367785_spoof_A15,1
LA_E_5780271_bonafide,0
LA_E_1491563_spoof_A13,1
LA_E_7867006_spoof_A07,1
LA_E_5954175_bonafide,0
LA_E_4380555_spoof_A10,1
LA_E_8780388_bonafide,0
LA_E_7053423_spoof_A12,1
LA_E_4142452_bonafide,0
LA_E_2700668_spoof_A13,1
LA_E_4902696_bonafide,0
LA_E_6308962_bonafide,0
LA_E_7265067_spoof_A17,1
LA_E_6758318_spoof_A07,1
LA_E_4793586_spoof_A13,1
LA_E_8119826_spoof_A19,1
LA_E_5285898_spoof_A09,1
LA_E_4763729_bonafide,0
LA_E_1380169_bonafide,0
LA_E_5818405_bonafide,0
LA_E_1750371_bonafide,0
LA_E_8177958_bonafide,0
LA_E_3097724_bonafide,0
LA_E_3060443_bonafide,0
LA_E_2403575_spoof_A10,1
LA_E_6752910_spoof_A07,1
LA_E_5667764_spoof_A08,1
LA_E_3641123_spoof_A15,1
LA_E_4238041_spoof_A16,1
LA_E_3349087_spoof_A08,1
LA_E_5579854_bonafide,0
LA_E_2802822_spoof_A17,1
LA_E_6440085_bonafide,0
LA_E_6482354_bonafide,0
LA_E_3993918_spoof_A11,1
LA_E_1854242_spoof_A13,1
LA_E_8414112_spoof_A10,1
LA_E_5151900_bonafide,0
LA_E_3684363_spoof_A08,1
LA_E_4248444_bonafide,0
LA_E_5562720_spoof_A07,1
LA_E_2235801_bonafide,0
LA_E_5881675_bonafide,0
LA_E_9502838_bonafide,0
LA_E_4661287_spoof_A18,1
LA_E_5467152_bonafide,0
LA_E_4213874_bonafide,0
LA_E_9655155_bonafide,0
LA_E_1249312_spoof_A17,1
LA_E_5134629_bonafide,0
LA_E_8651178_bonafide,0
LA_E_6089605_bonafide,0
LA_E_1486118_bonafide,0
LA_E_9725191_spoof_A18,1
LA_E_6097232_spoof_A13,1
LA_E_1145066_spoof_A19,1
LA_E_9766052_bonafide,0
LA_E_6531410_spoof_A14,1
LA_E_7782055_spoof_A07,1
LA_E_7028606_bonafide,0
LA_E_3993241_spoof_A09,1
LA_E_4310858_bonafide,0
LA_E_4589164_spoof_A09,1
LA_E_9887048_spoof_A10,1
LA_E_3604703_spoof_A19,1
LA_E_7272364_bonafide,0
LA_E_8884146_spoof_A08,1
LA_E_2396692_bonafide,0
LA_E_8910993_spoof_A12,1
LA_E_7100983_spoof_A13,1
LA_E_3368858_bonafide,0
LA_E_1603570_bonafide,0
LA_E_1512896_bonafide,0
LA_E_8500356_bonafide,0
LA_E_4576579_bonafide,0
LA_E_9315044_bonafide,0
LA_E_5819646_spoof_A17,1
LA_E_5525598_spoof_A08,1
LA_E_4468511_bonafide,0
LA_E_7235343_spoof_A17,1
LA_E_1877001_spoof_A18,1
LA_E_8769684_bonafide,0
LA_E_1260738_bonafide,0
LA_E_4376749_bonafide,0
LA_E_7612539_spoof_A12,1
LA_E_5872363_spoof_A12,1
LA_E_5589621_spoof_A12,1
LA_E_6059132_bonafide,0
LA_E_7020926_bonafide,0
LA_E_9857578_bonafide,0
LA_E_5180379_spoof_A19,1
LA_E_7959996_spoof_A11,1
LA_E_2229727_spoof_A18,1
LA_E_9156158_bonafide,0
LA_E_4462998_bonafide,0
LA_E_8224670_bonafide,0
LA_E_4943093_spoof_A17,1
LA_E_6495340_bonafide,0
LA_E_7236980_spoof_A14,1
LA_E_6508782_spoof_A11,1
LA_E_9585160_bonafide,0
LA_E_8932839_spoof_A17,1
LA_E_3426809_spoof_A15,1
LA_E_7302635_bonafide,0
LA_E_2501419_spoof_A09,1
LA_E_3627379_bonafide,0
LA_E_1723478_spoof_A08,1
LA_E_7515995_spoof_A18,1
LA_E_9622269_bonafide,0
LA_E_8194464_bonafide,0
LA_E_9862870_spoof_A10,1
LA_E_5906321_bonafide,0
LA_E_5426742_spoof_A16,1
LA_E_4280741_bonafide,0
LA_E_5358177_bonafide,0
LA_E_3520469_spoof_A08,1
LA_E_2717801_spoof_A17,1
LA_E_1607092_spoof_A09,1
LA_E_7534628_spoof_A07,1
LA_E_4605642_spoof_A08,1
LA_E_1722642_spoof_A07,1
LA_E_3850391_bonafide,0
LA_E_1086117_bonafide,0
LA_E_1317708_bonafide,0
LA_E_7170190_bonafide,0
LA_E_9656908_spoof_A17,1
LA_E_3168195_spoof_A17,1
LA_E_1483700_spoof_A17,1
LA_E_3721488_bonafide,0
LA_E_2616351_bonafide,0
LA_E_3914443_bonafide,0
LA_E_7852222_spoof_A16,1
LA_E_7148459_bonafide,0
LA_E_7528278_bonafide,0
LA_E_9870093_spoof_A07,1
LA_E_9712531_bonafide,0
LA_E_2200632_spoof_A10,1
LA_E_1730338_bonafide,0
LA_E_1758215_bonafide,0
LA_E_5670623_bonafide,0
LA_E_7717354_spoof_A12,1
LA_E_9447163_spoof_A18,1
LA_E_3324666_spoof_A12,1
LA_E_2714189_bonafide,0
LA_E_7995881_spoof_A07,1
LA_E_5814684_spoof_A15,1
LA_E_3187595_bonafide,0
LA_E_2331552_bonafide,0
LA_E_6585134_spoof_A14,1
LA_E_4037429_spoof_A10,1
LA_E_4300865_spoof_A09,1
LA_E_3741635_spoof_A14,1
LA_E_4765848_bonafide,0
LA_E_1725996_spoof_A13,1
LA_E_5169845_bonafide,0
LA_E_1632352_bonafide,0
LA_E_5813102_bonafide,0
LA_E_5847141_spoof_A13,1
LA_E_1100717_bonafide,0
LA_E_2972010_bonafide,0
LA_E_3337883_bonafide,0
LA_E_6529631_spoof_A09,1
LA_E_9782406_spoof_A13,1
LA_E_5593264_bonafide,0
LA_E_4044770_spoof_A07,1
LA_E_4418396_spoof_A11,1
LA_E_8760907_bonafide,0
LA_E_3464873_spoof_A08,1
LA_E_4794129_bonafide,0
LA_E_7020783_bonafide,0
LA_E_6268374_bonafide,0
LA_E_8593016_spoof_A12,1
LA_E_7782719_spoof_A17,1
LA_E_4329924_spoof_A11,1
LA_E_1143828_bonafide,0
LA_E_9308512_spoof_A16,1
LA_E_9099300_bonafide,0
LA_E_1502460_spoof_A07,1
LA_E_4157017_bonafide,0
LA_E_7374906_bonafide,0
LA_E_1150652_spoof_A15,1
LA_E_4297036_bonafide,0
LA_E_8339359_spoof_A16,1
LA_E_2363789_spoof_A07,1
LA_E_3856159_bonafide,0
LA_E_2650321_spoof_A10,1
LA_E_6261172_bonafide,0
LA_E_5626928_spoof_A11,1
LA_E_9693689_spoof_A16,1
LA_E_4762150_spoof_A07,1
LA_E_2071140_bonafide,0
LA_E_5165784_spoof_A18,1
LA_E_6334237_spoof_A12,1
LA_E_9807942_spoof_A17,1
LA_E_5651921_spoof_A15,1
LA_E_4635024_bonafide,0
LA_E_1269318_spoof_A18,1
LA_E_5148828_spoof_A14,1
LA_E_6588465_bonafide,0
LA_E_6861287_spoof_A11,1
LA_E_2604325_spoof_A19,1
LA_E_2932782_spoof_A08,1
LA_E_8684328_spoof_A09,1
LA_E_4800258_spoof_A07,1
LA_E_4188629_spoof_A11,1
LA_E_6408765_bonafide,0
LA_E_5535714_bonafide,0
LA_E_5493757_spoof_A13,1
LA_E_3274094_spoof_A09,1
LA_E_5719896_bonafide,0
LA_E_5514778_spoof_A12,1
LA_E_8110752_spoof_A10,1
LA_E_6936423_spoof_A09,1
LA_E_1165621_bonafide,0
LA_E_6856730_bonafide,0
LA_E_9647266_spoof_A14,1
LA_E_6845521_bonafide,0
LA_E_8043186_spoof_A14,1
LA_E_8923639_bonafide,0
LA_E_3682123_bonafide,0
LA_E_2965968_bonafide,0
LA_E_8741428_spoof_A10,1
LA_E_7502541_spoof_A07,1
LA_E_7579923_spoof_A09,1
LA_E_5573498_bonafide,0
LA_E_1905328_spoof_A08,1
LA_E_1093638_spoof_A12,1
LA_E_2104869_spoof_A07,1
LA_E_5228537_spoof_A08,1
LA_E_7719396_spoof_A07,1
LA_E_5041287_bonafide,0
LA_E_4771808_spoof_A11,1
LA_E_5315400_spoof_A13,1
LA_E_6654012_spoof_A13,1
LA_E_3133587_spoof_A16,1
LA_E_6234775_bonafide,0
LA_E_2392264_bonafide,0
LA_E_6743304_bonafide,0
LA_E_9999789_spoof_A19,1
LA_E_8973590_bonafide,0
LA_E_6420197_spoof_A10,1
LA_E_3088537_spoof_A07,1
LA_E_7361492_bonafide,0
LA_E_4144687_bonafide,0
LA_E_8699067_spoof_A13,1
LA_E_6126872_bonafide,0
LA_E_3550089_spoof_A11,1
LA_E_5529180_bonafide,0
LA_E_1027204_spoof_A08,1
LA_E_2298835_bonafide,0
LA_E_4064107_bonafide,0
LA_E_2032805_spoof_A12,1
LA_E_6718629_spoof_A11,1
LA_E_3590629_spoof_A14,1
LA_E_8482194_bonafide,0
LA_E_1970710_spoof_A11,1
LA_E_3502196_spoof_A10,1
LA_E_4469577_spoof_A08,1
LA_E_5103556_spoof_A13,1
LA_E_6531287_spoof_A09,1
LA_E_5765930_spoof_A14,1
LA_E_3017534_bonafide,0
LA_E_7345320_bonafide,0
LA_E_4027833_bonafide,0
LA_E_4308074_spoof_A09,1
LA_E_8748180_bonafide,0
LA_E_8157940_spoof_A13,1
LA_E_7934056_bonafide,0
LA_E_3273786_spoof_A08,1
LA_E_6153666_spoof_A19,1
LA_E_3669823_bonafide,0
LA_E_8255737_bonafide,0
LA_E_4060048_bonafide,0
LA_E_8913219_spoof_A08,1
LA_E_6760237_bonafide,0
LA_E_3812355_spoof_A18,1
LA_E_1433127_spoof_A11,1
LA_E_2143322_spoof_A07,1
LA_E_1701685_bonafide,0
LA_E_2515243_spoof_A08,1
LA_E_2932909_bonafide,0
LA_E_2352920_bonafide,0
LA_E_1804143_bonafide,0
LA_E_9238156_spoof_A12,1
LA_E_3093938_spoof_A18,1
LA_E_8711637_bonafide,0
LA_E_2396059_bonafide,0
LA_E_7703276_bonafide,0
LA_E_6022200_spoof_A17,1
LA_E_5771783_spoof_A12,1
LA_E_8912893_bonafide,0
LA_E_7676231_bonafide,0
LA_E_9288604_spoof_A09,1
LA_E_1846981_spoof_A12,1
LA_E_3174231_bonafide,0
LA_E_4676592_bonafide,0
LA_E_5026793_spoof_A16,1
LA_E_3966608_spoof_A17,1
LA_E_2604580_spoof_A18,1
LA_E_9986830_spoof_A12,1
LA_E_7635308_spoof_A07,1
LA_E_3638962_bonafide,0
LA_E_3352015_spoof_A13,1
LA_E_4938056_spoof_A09,1
LA_E_8646036_spoof_A14,1
LA_E_3688234_spoof_A18,1
LA_E_7622296_bonafide,0
LA_E_3803349_spoof_A17,1
LA_E_2016515_spoof_A12,1
LA_E_1847184_bonafide,0
LA_E_3320439_bonafide,0
LA_E_6246454_spoof_A07,1
LA_E_2815434_spoof_A15,1
LA_E_1737745_bonafide,0
LA_E_6112657_spoof_A16,1
LA_E_6893101_spoof_A10,1
LA_E_9485931_spoof_A11,1
LA_E_2337699_bonafide,0
LA_E_2228565_spoof_A14,1
LA_E_4778800_spoof_A10,1
LA_E_3497087_bonafide,0
LA_E_6690514_spoof_A08,1
LA_E_3902702_bonafide,0
LA_E_2443059_spoof_A09,1
LA_E_5945408_bonafide,0
LA_E_4612395_spoof_A19,1
LA_E_6617589_spoof_A13,1
LA_E_4245663_spoof_A16,1
LA_E_5828923_spoof_A18,1
LA_E_8446790_spoof_A10,1
LA_E_1654952_bonafide,0
LA_E_5053382_bonafide,0
LA_E_1429049_spoof_A16,1
LA_E_2026661_bonafide,0
LA_E_5086446_spoof_A10,1
LA_E_6321104_bonafide,0
LA_E_4368388_spoof_A08,1
LA_E_8862568_bonafide,0
LA_E_9703326_bonafide,0
LA_E_9876804_bonafide,0
LA_E_5956662_bonafide,0
LA_E_2447133_spoof_A17,1
LA_E_7986328_spoof_A07,1
LA_E_4805595_bonafide,0
LA_E_1478968_spoof_A18,1
LA_E_7819448_spoof_A07,1
LA_E_1780040_spoof_A09,1
LA_E_6585767_spoof_A10,1
LA_E_2730795_spoof_A08,1
LA_E_4303472_bonafide,0
LA_E_4085339_spoof_A11,1
LA_E_2493627_bonafide,0
LA_E_4582746_bonafide,0
LA_E_6970561_bonafide,0
LA_E_8499337_spoof_A07,1
LA_E_3169314_spoof_A18,1
LA_E_3759204_bonafide,0
LA_E_9108302_bonafide,0
LA_E_2969718_spoof_A19,1
LA_E_7012313_spoof_A16,1
LA_E_1860331_bonafide,0
LA_E_6130782_spoof_A07,1
LA_E_8184767_spoof_A18,1
LA_E_2118003_spoof_A13,1
LA_E_1161627_spoof_A16,1
LA_E_3270904_bonafide,0
LA_E_4510419_spoof_A10,1
LA_E_2488725_spoof_A17,1
LA_E_6310132_bonafide,0
LA_E_4634483_spoof_A14,1
LA_E_4190582_spoof_A18,1
LA_E_8547229_spoof_A11,1
LA_E_9378830_bonafide,0
LA_E_3763354_bonafide,0
LA_E_4915224_bonafide,0
LA_E_6563126_spoof_A12,1
LA_E_3562082_spoof_A11,1
LA_E_2166857_bonafide,0
LA_E_3854574_spoof_A18,1
LA_E_7953141_spoof_A14,1
LA_E_4997388_spoof_A13,1
LA_E_5580573_bonafide,0
LA_E_6821210_spoof_A18,1
LA_E_4696961_bonafide,0
LA_E_1637403_spoof_A07,1
LA_E_2529646_bonafide,0
LA_E_8831839_bonafide,0
LA_E_7413829_bonafide,0
LA_E_8735794_spoof_A09,1
LA_E_2542172_bonafide,0
LA_E_9860642_spoof_A19,1
LA_E_9259382_spoof_A11,1
LA_E_8113163_bonafide,0
LA_E_1544138_spoof_A13,1
LA_E_3442469_spoof_A12,1
LA_E_5183468_spoof_A11,1
LA_E_7669060_spoof_A17,1
LA_E_7458758_spoof_A18,1
LA_E_1038682_spoof_A13,1
LA_E_9419761_bonafide,0
LA_E_5323652_spoof_A10,1
LA_E_1917255_bonafide,0
LA_E_1729164_bonafide,0
LA_E_4839402_spoof_A08,1
LA_E_5482274_spoof_A10,1
LA_E_7375405_spoof_A07,1
LA_E_8672055_spoof_A16,1
LA_E_1188761_spoof_A14,1
LA_E_7187204_bonafide,0
LA_E_9396628_spoof_A10,1
LA_E_6354958_spoof_A14,1
LA_E_1284153_spoof_A13,1
LA_E_9262580_spoof_A17,1
LA_E_9976124_spoof_A07,1
LA_E_4001999_bonafide,0
LA_E_3896433_spoof_A15,1
LA_E_6797644_bonafide,0
LA_E_7267851_bonafide,0
LA_E_4420060_spoof_A07,1
LA_E_5979848_bonafide,0
LA_E_3444316_bonafide,0
LA_E_2821360_bonafide,0
LA_E_7807195_spoof_A14,1
LA_E_1944697_spoof_A12,1
LA_E_4742921_spoof_A10,1
LA_E_2721216_bonafide,0
LA_E_4544320_bonafide,0
LA_E_2750299_bonafide,0
LA_E_6550337_bonafide,0
LA_E_8135416_bonafide,0
LA_E_2830770_spoof_A07,1
LA_E_4223720_bonafide,0
LA_E_9585213_bonafide,0
LA_E_9082979_spoof_A07,1
LA_E_7447532_bonafide,0
LA_E_7801339_spoof_A19,1
LA_E_9548446_spoof_A12,1
LA_E_3483333_bonafide,0
LA_E_6076994_bonafide,0
LA_E_3711317_spoof_A09,1
LA_E_1377603_bonafide,0
LA_E_5003321_spoof_A12,1
LA_E_7105013_bonafide,0
LA_E_8369616_bonafide,0
LA_E_4007350_bonafide,0
LA_E_7830498_bonafide,0
LA_E_7347650_spoof_A16,1
LA_E_3734673_bonafide,0
LA_E_7348188_spoof_A09,1
LA_E_9990266_spoof_A13,1
LA_E_6905595_spoof_A09,1
LA_E_9390023_bonafide,0
LA_E_1941382_spoof_A16,1
LA_E_7855756_bonafide,0
LA_E_8077634_bonafide,0
LA_E_2751127_spoof_A15,1
LA_E_2061949_bonafide,0
LA_E_5838999_spoof_A08,1
LA_E_3972804_spoof_A14,1
LA_E_6990123_bonafide,0
LA_E_9069661_bonafide,0
LA_E_9529895_bonafide,0
LA_E_3072689_spoof_A14,1
LA_E_4384452_spoof_A13,1
LA_E_2410944_spoof_A12,1
LA_E_4998328_spoof_A17,1
LA_E_3456978_spoof_A11,1
LA_E_5937346_spoof_A10,1
LA_E_2643410_spoof_A15,1
LA_E_8031907_spoof_A12,1
LA_E_2947873_bonafide,0
LA_E_2621295_bonafide,0
LA_E_8921097_bonafide,0
LA_E_9905727_bonafide,0
LA_E_7008766_spoof_A15,1
LA_E_3727897_spoof_A15,1
LA_E_1591703_bonafide,0
LA_E_2604044_spoof_A07,1
LA_E_2163149_bonafide,0
LA_E_7639704_bonafide,0
LA_E_1289054_bonafide,0
LA_E_6729874_bonafide,0
LA_E_2224329_bonafide,0
LA_E_7220017_spoof_A19,1
LA_E_7182367_spoof_A11,1
LA_E_6484664_spoof_A16,1
LA_E_9912461_bonafide,0
LA_E_8840909_bonafide,0
LA_E_8871882_spoof_A13,1
LA_E_7702864_spoof_A10,1
LA_E_9000745_spoof_A16,1
LA_E_7589036_spoof_A09,1
LA_E_7164872_spoof_A11,1
LA_E_8166571_spoof_A19,1
LA_E_7905518_spoof_A07,1
LA_E_6700890_bonafide,0
LA_E_5390520_spoof_A11,1
LA_E_9553910_bonafide,0
LA_E_1181481_bonafide,0
LA_E_7643568_bonafide,0
LA_E_2668537_bonafide,0
LA_E_9528968_bonafide,0
LA_E_4705224_spoof_A07,1
LA_E_2778929_spoof_A13,1
LA_E_2252802_bonafide,0
LA_E_3008299_bonafide,0
LA_E_5230804_spoof_A12,1
LA_E_6360591_bonafide,0
LA_E_9597730_bonafide,0
LA_E_3477107_bonafide,0
LA_E_8820525_spoof_A09,1
LA_E_8223025_bonafide,0
LA_E_3605060_spoof_A09,1
LA_E_5551913_bonafide,0
LA_E_5852035_bonafide,0
LA_E_2732304_spoof_A15,1
LA_E_9233743_spoof_A10,1
LA_E_6639534_bonafide,0
LA_E_8644260_spoof_A17,1
LA_E_6235489_bonafide,0
LA_E_2782317_bonafide,0
LA_E_6197004_bonafide,0
LA_E_5821313_bonafide,0
LA_E_2752078_spoof_A14,1
LA_E_6703263_bonafide,0
LA_E_6794649_bonafide,0
LA_E_5167739_bonafide,0
LA_E_2362820_bonafide,0
LA_E_7104294_bonafide,0
LA_E_1729203_bonafide,0
LA_E_4124359_bonafide,0
LA_E_3937445_spoof_A08,1
LA_E_8845051_bonafide,0
LA_E_2839713_bonafide,0
LA_E_1602586_spoof_A07,1
LA_E_2688435_bonafide,0
LA_E_5309544_spoof_A07,1
LA_E_9457405_spoof_A15,1
LA_E_3209336_spoof_A13,1
LA_E_1857668_spoof_A17,1
LA_E_2360906_bonafide,0
LA_E_4491184_bonafide,0
LA_E_6525398_bonafide,0
LA_E_3775722_bonafide,0
LA_E_6304925_bonafide,0
LA_E_5038648_spoof_A16,1
LA_E_2243145_bonafide,0
LA_E_6133546_spoof_A16,1
LA_E_9964383_bonafide,0
LA_E_6811384_bonafide,0
LA_E_4833555_bonafide,0
LA_E_8674442_bonafide,0
LA_E_6192743_spoof_A14,1
LA_E_8054093_spoof_A16,1
LA_E_4048758_spoof_A15,1
LA_E_5304204_bonafide,0
LA_E_6658061_bonafide,0
LA_E_6543651_bonafide,0
LA_E_7845399_spoof_A11,1
LA_E_9923491_bonafide,0
LA_E_6906931_bonafide,0
LA_E_3947733_spoof_A09,1
LA_E_6923585_bonafide,0
LA_E_7841713_bonafide,0
LA_E_7670367_spoof_A10,1
LA_E_3935135_spoof_A13,1
LA_E_5369306_bonafide,0
LA_E_1152787_spoof_A19,1
LA_E_1131984_spoof_A11,1
LA_E_6659352_spoof_A13,1
LA_E_4390543_spoof_A17,1
LA_E_9775414_bonafide,0
LA_E_7609007_bonafide,0
LA_E_5205542_bonafide,0
LA_E_3936342_bonafide,0
LA_E_6490046_spoof_A19,1
LA_E_6721603_bonafide,0
LA_E_9176473_bonafide,0
LA_E_3790874_spoof_A16,1
LA_E_3009943_bonafide,0
LA_E_2570859_bonafide,0
LA_E_2939773_bonafide,0
LA_E_6516215_spoof_A12,1
LA_E_7484191_bonafide,0
LA_E_5343176_spoof_A10,1
LA_E_4482694_bonafide,0
LA_E_3651348_bonafide,0
LA_E_4498530_bonafide,0
LA_E_2674212_spoof_A14,1
LA_E_8509360_spoof_A07,1
LA_E_1970389_bonafide,0
LA_E_4355185_spoof_A15,1
LA_E_5203530_spoof_A16,1
LA_E_1280241_bonafide,0
LA_E_6750351_bonafide,0
LA_E_3348051_spoof_A07,1
LA_E_5156103_spoof_A14,1
LA_E_5622097_bonafide,0
LA_E_2261371_bonafide,0
LA_E_8713035_spoof_A08,1
LA_E_4441161_bonafide,0
LA_E_1336456_spoof_A12,1
LA_E_3790339_spoof_A08,1
LA_E_8079486_bonafide,0
LA_E_1375060_spoof_A18,1
LA_E_9294353_bonafide,0
LA_E_7863664_spoof_A16,1
LA_E_3742690_bonafide,0
LA_E_2704112_spoof_A15,1
LA_E_7449969_bonafide,0
LA_E_6398565_bonafide,0
LA_E_1092053_spoof_A13,1
LA_E_6118571_spoof_A19,1
LA_E_6796371_bonafide,0
LA_E_4309982_bonafide,0
LA_E_4087472_spoof_A09,1
LA_E_8560629_bonafide,0
LA_E_1812951_spoof_A10,1
LA_E_4852262_bonafide,0
LA_E_8654069_spoof_A11,1
LA_E_2901891_spoof_A16,1
LA_E_9952984_spoof_A10,1
LA_E_6264021_spoof_A11,1
LA_E_5016696_spoof_A11,1
LA_E_4458230_bonafide,0
LA_E_6105008_spoof_A15,1
LA_E_9352847_bonafide,0
LA_E_5869890_bonafide,0
LA_E_6888840_bonafide,0
LA_E_9390388_bonafide,0
LA_E_5075874_bonafide,0
LA_E_8722557_bonafide,0
LA_E_3962493_bonafide,0
LA_E_7199954_spoof_A12,1
LA_E_7572018_spoof_A19,1
LA_E_8078599_bonafide,0
LA_E_3867621_bonafide,0
LA_E_6993403_bonafide,0
LA_E_7743318_spoof_A15,1
LA_E_6415940_bonafide,0
LA_E_9470174_bonafide,0
LA_E_7123449_spoof_A10,1
LA_E_1042916_spoof_A13,1
LA_E_5188530_spoof_A07,1
LA_E_4588827_spoof_A13,1
LA_E_1059718_spoof_A07,1
LA_E_5928674_bonafide,0
LA_E_7091021_bonafide,0
LA_E_7620251_spoof_A13,1
LA_E_7978316_bonafide,0
LA_E_4943653_bonafide,0
LA_E_2259167_spoof_A19,1
LA_E_6780683_spoof_A11,1
LA_E_4665807_spoof_A17,1
LA_E_4172873_spoof_A09,1
LA_E_7144353_spoof_A13,1
LA_E_2875674_spoof_A08,1
LA_E_2429665_spoof_A14,1
LA_E_6449400_spoof_A15,1
LA_E_2388056_spoof_A07,1
LA_E_9079384_spoof_A18,1
LA_E_8348395_spoof_A07,1
LA_E_8198268_bonafide,0
LA_E_1395552_bonafide,0
LA_E_2252454_spoof_A14,1
LA_E_4057755_spoof_A14,1
LA_E_4174209_spoof_A08,1
LA_E_1629186_spoof_A18,1
LA_E_6826899_bonafide,0
LA_E_8856814_bonafide,0
LA_E_5999770_spoof_A10,1
LA_E_3495362_bonafide,0
LA_E_9012764_spoof_A12,1
LA_E_3801678_bonafide,0
LA_E_2194928_bonafide,0
LA_E_9326629_bonafide,0
LA_E_2947509_bonafide,0
LA_E_9958197_bonafide,0
LA_E_1066879_bonafide,0
LA_E_2628721_spoof_A18,1
LA_E_7894083_spoof_A13,1
LA_E_7464013_bonafide,0
LA_E_5317035_bonafide,0
LA_E_9281860_spoof_A11,1
LA_E_6588000_spoof_A08,1
LA_E_7286346_spoof_A11,1
LA_E_5354758_spoof_A16,1
LA_E_9873049_spoof_A12,1
LA_E_6173872_bonafide,0
LA_E_1547551_bonafide,0
LA_E_3551532_bonafide,0
LA_E_1259316_bonafide,0
LA_E_4916170_bonafide,0
LA_E_1362011_bonafide,0
LA_E_3712951_spoof_A09,1
LA_E_1178770_bonafide,0
LA_E_4368350_spoof_A12,1
LA_E_4896589_spoof_A12,1
LA_E_2598033_spoof_A13,1
LA_E_1353663_bonafide,0
LA_E_4461590_bonafide,0
LA_E_6328688_bonafide,0
LA_E_5988729_bonafide,0
LA_E_2843038_bonafide,0
LA_E_1647399_bonafide,0
LA_E_9376718_spoof_A07,1
LA_E_5627031_spoof_A11,1
LA_E_3260324_bonafide,0
LA_E_4855462_bonafide,0
LA_E_4864691_bonafide,0
LA_E_9203884_bonafide,0
LA_E_9063014_bonafide,0
LA_E_9431095_bonafide,0
LA_E_3778060_spoof_A10,1
LA_E_8229403_spoof_A17,1
LA_E_4785626_spoof_A17,1
LA_E_6648610_bonafide,0
LA_E_6795918_bonafide,0
LA_E_8098463_spoof_A10,1
LA_E_9204543_bonafide,0
LA_E_1992754_bonafide,0
LA_E_9939059_spoof_A08,1
LA_E_7195142_spoof_A19,1
LA_E_1109756_bonafide,0
LA_E_4569852_bonafide,0
LA_E_3135807_bonafide,0
LA_E_6605204_spoof_A08,1
LA_E_7664869_spoof_A13,1
LA_E_6774501_spoof_A14,1
LA_E_6564577_bonafide,0
LA_E_3611890_spoof_A18,1
LA_E_1256108_spoof_A10,1
LA_E_2444479_spoof_A17,1
LA_E_3355748_bonafide,0
LA_E_1654918_bonafide,0
LA_E_3791749_spoof_A17,1
LA_E_7030628_bonafide,0
LA_E_6317367_bonafide,0
LA_E_5819574_bonafide,0
LA_E_3705753_spoof_A10,1
LA_E_8786294_bonafide,0
LA_E_3681731_bonafide,0
LA_E_9140209_spoof_A18,1
LA_E_6854974_bonafide,0
LA_E_6957133_bonafide,0
LA_E_4154190_bonafide,0
LA_E_2648652_bonafide,0
LA_E_5324584_bonafide,0
LA_E_5516441_spoof_A08,1
LA_E_9617251_bonafide,0
LA_E_1380691_bonafide,0
LA_E_8028239_spoof_A16,1
LA_E_1301309_spoof_A14,1
LA_E_8203627_bonafide,0
LA_E_6300965_bonafide,0
LA_E_8057561_spoof_A09,1
LA_E_3317367_spoof_A09,1
LA_E_6984242_spoof_A12,1
LA_E_7454928_spoof_A18,1
LA_E_4863129_spoof_A10,1
LA_E_5338081_spoof_A12,1
LA_E_3524418_bonafide,0
LA_E_3717751_bonafide,0
LA_E_3309049_bonafide,0
LA_E_1179559_spoof_A10,1
LA_E_5063578_bonafide,0
LA_E_3924325_spoof_A07,1
LA_E_5209836_bonafide,0
LA_E_3671668_bonafide,0
LA_E_4159757_spoof_A13,1
LA_E_5837456_bonafide,0
LA_E_4514795_bonafide,0
LA_E_8326117_bonafide,0
LA_E_9398873_bonafide,0
LA_E_6943265_spoof_A17,1
LA_E_3600431_bonafide,0
LA_E_5919050_spoof_A07,1
LA_E_5796617_bonafide,0
LA_E_4510127_spoof_A13,1
LA_E_7197278_bonafide,0
LA_E_9565775_bonafide,0
LA_E_4026996_bonafide,0
LA_E_7780595_spoof_A08,1
LA_E_7120785_spoof_A12,1
LA_E_8216978_bonafide,0
LA_E_6051983_spoof_A15,1
LA_E_3616522_spoof_A10,1
LA_E_6586732_bonafide,0
LA_E_7075696_spoof_A12,1
LA_E_3658698_bonafide,0
LA_E_3507946_bonafide,0
LA_E_5976953_bonafide,0
LA_E_7557706_spoof_A10,1
LA_E_1006831_spoof_A07,1
LA_E_4904786_spoof_A14,1
LA_E_7334227_spoof_A08,1
LA_E_8412746_bonafide,0
LA_E_6884782_spoof_A17,1
LA_E_5909511_spoof_A10,1
LA_E_1601266_spoof_A16,1
LA_E_7884570_spoof_A10,1
LA_E_6098204_spoof_A11,1
LA_E_3419023_bonafide,0
LA_E_7206809_spoof_A12,1
LA_E_4148541_spoof_A11,1
LA_E_3452082_spoof_A08,1
LA_E_4157510_spoof_A17,1
LA_E_1665632_bonafide,0
LA_E_5275057_bonafide,0
LA_E_1988544_spoof_A19,1
LA_E_7656261_bonafide,0
LA_E_3137296_spoof_A09,1
LA_E_6947786_spoof_A10,1
LA_E_2390489_spoof_A15,1
LA_E_2943361_bonafide,0
LA_E_8275122_bonafide,0
LA_E_4025945_spoof_A13,1
LA_E_3489458_spoof_A17,1
LA_E_1145420_spoof_A07,1
LA_E_9774039_bonafide,0
LA_E_9883339_spoof_A10,1
LA_E_1748062_spoof_A18,1
LA_E_6304556_spoof_A11,1
LA_E_8991974_spoof_A15,1
LA_E_7094572_bonafide,0
LA_E_1686378_bonafide,0
LA_E_7722624_bonafide,0
LA_E_6386377_spoof_A07,1
LA_E_3213688_bonafide,0
LA_E_6367906_bonafide,0
LA_E_5802763_spoof_A16,1
LA_E_5262458_spoof_A15,1
LA_E_3313944_bonafide,0
LA_E_2310576_spoof_A14,1
LA_E_1167109_bonafide,0
LA_E_5216132_spoof_A09,1
LA_E_5486266_spoof_A16,1
LA_E_1659597_spoof_A07,1
LA_E_3358621_spoof_A16,1
LA_E_8315938_spoof_A09,1
LA_E_8458018_bonafide,0
LA_E_6220469_spoof_A15,1
LA_E_7871235_spoof_A14,1
LA_E_1700830_bonafide,0
LA_E_9785634_spoof_A15,1
LA_E_4377069_spoof_A15,1
LA_E_6700417_bonafide,0
LA_E_2900914_bonafide,0
LA_E_6933458_spoof_A18,1
LA_E_2865468_spoof_A18,1
LA_E_6721092_bonafide,0
LA_E_7802977_bonafide,0
LA_E_6895743_spoof_A16,1
LA_E_6635463_spoof_A15,1
LA_E_9912792_bonafide,0
LA_E_1355756_spoof_A17,1
LA_E_9866346_spoof_A10,1
LA_E_6484160_spoof_A10,1
LA_E_4710355_bonafide,0
LA_E_1324625_spoof_A14,1
LA_E_5790729_bonafide,0
LA_E_9271031_bonafide,0
LA_E_7438598_bonafide,0
LA_E_4063307_bonafide,0
LA_E_6090123_spoof_A17,1
LA_E_2294002_spoof_A13,1
LA_E_2955555_spoof_A08,1
LA_E_8087905_bonafide,0
LA_E_1022511_bonafide,0
LA_E_9210978_spoof_A11,1
LA_E_5307744_bonafide,0
LA_E_3490283_spoof_A07,1
LA_E_7598520_bonafide,0
LA_E_7721272_bonafide,0
LA_E_2245547_spoof_A12,1
LA_E_8254261_spoof_A11,1
LA_E_5957224_spoof_A07,1
LA_E_1244723_bonafide,0
LA_E_9332568_bonafide,0
LA_E_7112068_spoof_A13,1
LA_E_1668700_spoof_A09,1
LA_E_6008385_bonafide,0
LA_E_8008420_spoof_A10,1
LA_E_1443149_spoof_A17,1
LA_E_8296182_bonafide,0
LA_E_7152680_spoof_A11,1
LA_E_4122657_spoof_A10,1
LA_E_8681058_bonafide,0
LA_E_6766519_bonafide,0
LA_E_8165052_spoof_A15,1
LA_E_8145966_bonafide,0
LA_E_7209809_bonafide,0
LA_E_4314455_spoof_A14,1
LA_E_1589436_spoof_A07,1
LA_E_2522763_spoof_A17,1
LA_E_9386485_spoof_A13,1
LA_E_5302008_bonafide,0
LA_E_2409919_spoof_A15,1
LA_E_2120264_bonafide,0
LA_E_9572203_bonafide,0
LA_E_6443149_bonafide,0
LA_E_3166347_bonafide,0
LA_E_5062781_bonafide,0
LA_E_9939629_bonafide,0
LA_E_4215246_bonafide,0
LA_E_9009890_spoof_A17,1
LA_E_7902329_bonafide,0
LA_E_7962945_bonafide,0
LA_E_2322790_spoof_A14,1
LA_E_2667571_bonafide,0
LA_E_3659969_spoof_A07,1
LA_E_9098424_bonafide,0
LA_E_5629576_bonafide,0
LA_E_2939074_bonafide,0
LA_E_1929285_bonafide,0
LA_E_5069209_bonafide,0
LA_E_3201854_bonafide,0
LA_E_4962374_bonafide,0
LA_E_1826006_spoof_A07,1
LA_E_3885033_bonafide,0
LA_E_3275088_spoof_A19,1
LA_E_6795491_spoof_A16,1
LA_E_4716483_spoof_A14,1
LA_E_6184058_bonafide,0
LA_E_1245139_bonafide,0
LA_E_4017894_spoof_A13,1
LA_E_1943755_spoof_A11,1
LA_E_8962374_bonafide,0
LA_E_9101800_bonafide,0
LA_E_5288472_bonafide,0
LA_E_9129088_spoof_A11,1
LA_E_9934853_bonafide,0
LA_E_1873564_spoof_A11,1
LA_E_3515491_bonafide,0
LA_E_8811595_spoof_A18,1
LA_E_4109327_bonafide,0
LA_E_3110820_spoof_A14,1
LA_E_3025992_bonafide,0
LA_E_6057217_bonafide,0
LA_E_4745592_spoof_A18,1
LA_E_6053022_spoof_A09,1
LA_E_8879876_spoof_A09,1
LA_E_4500766_bonafide,0
LA_E_4849025_bonafide,0
LA_E_5790757_spoof_A19,1
LA_E_4346303_bonafide,0
LA_E_1409912_bonafide,0
LA_E_8915439_spoof_A18,1
LA_E_9381257_spoof_A15,1
LA_E_6982823_bonafide,0
LA_E_6925972_bonafide,0
LA_E_7403194_spoof_A10,1
LA_E_7642116_bonafide,0
LA_E_1553940_bonafide,0
LA_E_5363385_bonafide,0
LA_E_9632320_bonafide,0
LA_E_6393111_spoof_A19,1
LA_E_6300663_spoof_A09,1
LA_E_6629464_bonafide,0
LA_E_7519070_spoof_A13,1
LA_E_6596419_spoof_A18,1
LA_E_3752412_spoof_A13,1
LA_E_1126345_spoof_A19,1
LA_E_5879694_spoof_A13,1
LA_E_7746698_spoof_A08,1
LA_E_4096252_bonafide,0
LA_E_6509095_spoof_A14,1
LA_E_6492055_spoof_A07,1
LA_E_7215880_spoof_A13,1
LA_E_9782792_bonafide,0
LA_E_4205947_bonafide,0
LA_E_5517245_spoof_A11,1
LA_E_2091473_spoof_A15,1
LA_E_6540575_spoof_A18,1
LA_E_3553088_bonafide,0
LA_E_9142995_spoof_A19,1
LA_E_8611784_spoof_A12,1
LA_E_2970296_spoof_A17,1
LA_E_5676329_spoof_A18,1
LA_E_6490437_spoof_A08,1
LA_E_6047145_bonafide,0
LA_E_9668259_spoof_A09,1
LA_E_4593048_bonafide,0
LA_E_4817837_bonafide,0
LA_E_5361381_spoof_A15,1
LA_E_1595757_spoof_A14,1
LA_E_3239039_bonafide,0
LA_E_1428234_bonafide,0
LA_E_5074342_spoof_A09,1
LA_E_4927931_spoof_A12,1
LA_E_3256765_bonafide,0
LA_E_8092409_bonafide,0
LA_E_4423975_bonafide,0
LA_E_2267312_bonafide,0
LA_E_3586202_spoof_A13,1
LA_E_6882439_bonafide,0
LA_E_7244728_spoof_A12,1
LA_E_2231956_spoof_A07,1
LA_E_4117393_bonafide,0
LA_E_1728154_bonafide,0
LA_E_9103470_bonafide,0
LA_E_4010673_spoof_A16,1
LA_E_7326331_spoof_A10,1
LA_E_6628337_bonafide,0
LA_E_9631910_bonafide,0
LA_E_3019733_spoof_A16,1
LA_E_1019903_spoof_A11,1
LA_E_2793732_bonafide,0
LA_E_1935106_spoof_A07,1
LA_E_2021681_spoof_A07,1
LA_E_9879743_bonafide,0
LA_E_4735911_spoof_A18,1
LA_E_2673456_spoof_A15,1
LA_E_3268391_bonafide,0
LA_E_2528630_spoof_A10,1
LA_E_9589537_spoof_A18,1
LA_E_7136483_spoof_A15,1
LA_E_8197217_bonafide,0
LA_E_1493904_bonafide,0
LA_E_6754038_bonafide,0
LA_E_2815128_spoof_A13,1
LA_E_8954659_bonafide,0
LA_E_2405296_bonafide,0
LA_E_4304265_bonafide,0
LA_E_2771274_spoof_A18,1
LA_E_1757957_spoof_A10,1
LA_E_9053080_spoof_A17,1
LA_E_7991530_bonafide,0
LA_E_7899404_bonafide,0
LA_E_9501461_bonafide,0
LA_E_6265154_bonafide,0
LA_E_4197735_bonafide,0
LA_E_6652713_spoof_A09,1
LA_E_4825177_spoof_A17,1
LA_E_8206599_bonafide,0
LA_E_8747430_bonafide,0
LA_E_2803299_spoof_A17,1
LA_E_7906249_bonafide,0
LA_E_9219334_bonafide,0
LA_E_5208637_bonafide,0
LA_E_1644905_bonafide,0
LA_E_2900247_spoof_A11,1
LA_E_6647221_bonafide,0
LA_E_3544907_spoof_A08,1
LA_E_2006350_spoof_A19,1
LA_E_6206861_spoof_A18,1
LA_E_7199457_bonafide,0
LA_E_1476523_bonafide,0
LA_E_1191163_bonafide,0
LA_E_9143153_bonafide,0
LA_E_3491186_bonafide,0
LA_E_7693819_spoof_A09,1
LA_E_1586608_spoof_A12,1
LA_E_5141706_spoof_A07,1
LA_E_5172388_spoof_A13,1
LA_E_1877038_bonafide,0
LA_E_4200126_bonafide,0
LA_E_5609818_bonafide,0
LA_E_4984304_bonafide,0
LA_E_2856882_spoof_A16,1
LA_E_1275973_bonafide,0
LA_E_5780311_spoof_A08,1
LA_E_6332029_spoof_A11,1
LA_E_6650846_spoof_A17,1
LA_E_9644730_spoof_A15,1
LA_E_3494063_bonafide,0
LA_E_2733063_bonafide,0
LA_E_7752434_spoof_A18,1
LA_E_5475063_bonafide,0
LA_E_4729327_spoof_A19,1
LA_E_5216504_bonafide,0
LA_E_6284218_spoof_A14,1
LA_E_7843229_bonafide,0
LA_E_6738492_bonafide,0
LA_E_7625255_spoof_A12,1
LA_E_9950863_bonafide,0
LA_E_5555313_spoof_A12,1
LA_E_2937245_bonafide,0
LA_E_3235926_spoof_A17,1
LA_E_8832325_bonafide,0
LA_E_1559052_spoof_A12,1
LA_E_6757543_spoof_A19,1
LA_E_5533127_bonafide,0
LA_E_7888925_spoof_A09,1
LA_E_3817197_spoof_A18,1
LA_E_4559737_spoof_A08,1
LA_E_9080915_bonafide,0
LA_E_1272114_bonafide,0
LA_E_3081699_spoof_A14,1
LA_E_6350292_bonafide,0
LA_E_2347990_bonafide,0
LA_E_7806344_bonafide,0
LA_E_2360856_bonafide,0
LA_E_9342092_spoof_A11,1
LA_E_7016665_bonafide,0
LA_E_3601650_bonafide,0
LA_E_4798519_bonafide,0
LA_E_3038793_bonafide,0
LA_E_6327607_bonafide,0
LA_E_1798572_spoof_A08,1
LA_E_5124355_bonafide,0
LA_E_2081355_bonafide,0
LA_E_3924660_bonafide,0
LA_E_8584475_bonafide,0
LA_E_5566158_spoof_A16,1
LA_E_2743927_bonafide,0
LA_E_9017774_bonafide,0
LA_E_1952883_bonafide,0
LA_E_5090026_bonafide,0
LA_E_3151955_spoof_A13,1
LA_E_8591467_spoof_A15,1
LA_E_2263636_bonafide,0
LA_E_3802678_bonafide,0
LA_E_7174226_bonafide,0
LA_E_1707850_bonafide,0
LA_E_4809124_bonafide,0
LA_E_7710981_spoof_A18,1
LA_E_9551164_spoof_A14,1
LA_E_6531911_spoof_A18,1
LA_E_4662231_bonafide,0
LA_E_7580717_bonafide,0
LA_E_5667895_spoof_A17,1
LA_E_7933041_bonafide,0
LA_E_6398447_spoof_A18,1
LA_E_3856337_spoof_A09,1
LA_E_4325343_bonafide,0
LA_E_7901246_spoof_A07,1
LA_E_7862755_bonafide,0
LA_E_6411725_spoof_A12,1
LA_E_7845366_spoof_A19,1
LA_E_9828617_bonafide,0
LA_E_1757476_spoof_A18,1
LA_E_1251876_bonafide,0
LA_E_6779172_spoof_A15,1
LA_E_7159716_spoof_A10,1
LA_E_7733356_bonafide,0
LA_E_2662193_bonafide,0
LA_E_2790922_bonafide,0
LA_E_9480739_bonafide,0
LA_E_7310993_bonafide,0
LA_E_5251243_bonafide,0
LA_E_3540131_spoof_A13,1
LA_E_4355697_bonafide,0
LA_E_3891748_spoof_A15,1
LA_E_5105422_bonafide,0
LA_E_6066881_bonafide,0
LA_E_1087821_bonafide,0
LA_E_8285449_spoof_A19,1
LA_E_9812793_bonafide,0
LA_E_8214348_spoof_A09,1
LA_E_8021439_bonafide,0
LA_E_8644364_bonafide,0
LA_E_9402290_bonafide,0
LA_E_5633984_bonafide,0
LA_E_4798018_spoof_A07,1
LA_E_7625053_bonafide,0
LA_E_3182490_bonafide,0
LA_E_6259265_bonafide,0
LA_E_1764870_spoof_A10,1
LA_E_6586177_bonafide,0
LA_E_4078898_spoof_A10,1
LA_E_8840914_spoof_A10,1
LA_E_1290231_spoof_A17,1
LA_E_7779794_spoof_A19,1
LA_E_2761708_spoof_A10,1
LA_E_7690893_bonafide,0
LA_E_9817210_bonafide,0
LA_E_9451976_bonafide,0
LA_E_4086522_bonafide,0
LA_E_4292676_spoof_A09,1
LA_E_8338696_spoof_A11,1
LA_E_8566590_bonafide,0
LA_E_6740120_spoof_A15,1
LA_E_4750912_spoof_A19,1
LA_E_3566254_spoof_A07,1
LA_E_5074928_bonafide,0
LA_E_9976665_bonafide,0
LA_E_1291046_bonafide,0
LA_E_2315971_bonafide,0
LA_E_3396392_bonafide,0
LA_E_5180963_bonafide,0
LA_E_3800265_spoof_A10,1
LA_E_7248385_spoof_A19,1
LA_E_6051018_bonafide,0
LA_E_4330586_bonafide,0
LA_E_3507998_spoof_A19,1
LA_E_7335364_bonafide,0
LA_E_6918536_bonafide,0
LA_E_9447534_bonafide,0
LA_E_3942685_bonafide,0
LA_E_8755015_spoof_A10,1
LA_E_8255118_bonafide,0
LA_E_2450757_spoof_A18,1
LA_E_6112790_bonafide,0
LA_E_7758062_bonafide,0
LA_E_4895142_spoof_A13,1
LA_E_4402351_bonafide,0
LA_E_9072241_bonafide,0
LA_E_6554062_bonafide,0
LA_E_8168125_bonafide,0
LA_E_4948063_spoof_A13,1
LA_E_6794006_bonafide,0
LA_E_4844999_bonafide,0
LA_E_5040825_bonafide,0
LA_E_1774069_spoof_A18,1
LA_E_9239656_spoof_A14,1
LA_E_9730135_bonafide,0
LA_E_5786977_bonafide,0
LA_E_9059753_bonafide,0
LA_E_4926497_bonafide,0
LA_E_9346260_bonafide,0
LA_E_2400116_spoof_A07,1
LA_E_6418540_bonafide,0
LA_E_1057588_bonafide,0
LA_E_4087314_bonafide,0
LA_E_7318100_bonafide,0
LA_E_7705713_bonafide,0
LA_E_6173284_bonafide,0
LA_E_7888657_bonafide,0
LA_E_5181477_spoof_A14,1
LA_E_4167344_bonafide,0
LA_E_4077410_spoof_A11,1
LA_E_3397049_spoof_A08,1
LA_E_4969014_spoof_A14,1
LA_E_4175165_spoof_A12,1
LA_E_6853566_spoof_A08,1
LA_E_9209263_bonafide,0
LA_E_4107427_bonafide,0
LA_E_3679740_bonafide,0
LA_E_6116127_spoof_A17,1
LA_E_7240745_bonafide,0
LA_E_2355871_bonafide,0
LA_E_2736804_bonafide,0
LA_E_8079750_bonafide,0
LA_E_6021645_spoof_A09,1
LA_E_9105978_spoof_A10,1
LA_E_4012693_bonafide,0
LA_E_4901997_spoof_A10,1
LA_E_1648826_bonafide,0
LA_E_3958143_bonafide,0
LA_E_4450201_spoof_A08,1
LA_E_8299975_bonafide,0
LA_E_8153126_spoof_A08,1
LA_E_4206334_spoof_A17,1
LA_E_7989146_spoof_A09,1
LA_E_6041685_spoof_A14,1
LA_E_8311656_bonafide,0
LA_E_3179372_spoof_A07,1
LA_E_6549617_bonafide,0
LA_E_4130499_bonafide,0
LA_E_9321526_bonafide,0
LA_E_3007048_spoof_A13,1
LA_E_4694722_bonafide,0
LA_E_9161471_bonafide,0
LA_E_9980078_spoof_A16,1
LA_E_1977950_bonafide,0
LA_E_2290963_spoof_A07,1
LA_E_2329016_spoof_A14,1
LA_E_7225717_bonafide,0
LA_E_3897923_bonafide,0
LA_E_1685487_spoof_A17,1
LA_E_7814282_spoof_A13,1
LA_E_4828581_spoof_A12,1
LA_E_7860326_bonafide,0
LA_E_1123039_spoof_A14,1
LA_E_3715131_bonafide,0
LA_E_5401528_spoof_A08,1
LA_E_2094025_bonafide,0
LA_E_5515679_spoof_A17,1
LA_E_3062348_spoof_A15,1
LA_E_7995828_spoof_A19,1
LA_E_9352155_bonafide,0
LA_E_1547880_spoof_A08,1
LA_E_6757391_spoof_A15,1
LA_E_8691227_bonafide,0
LA_E_2759721_bonafide,0
LA_E_3061359_spoof_A11,1
LA_E_6856503_spoof_A17,1
LA_E_4539620_bonafide,0
LA_E_1758333_spoof_A12,1
LA_E_3991920_bonafide,0
LA_E_2691029_bonafide,0
LA_E_7255033_bonafide,0
LA_E_4018572_bonafide,0
LA_E_6605284_spoof_A19,1
LA_E_6669611_bonafide,0
LA_E_9687809_bonafide,0
LA_E_8243028_spoof_A11,1
LA_E_7845776_bonafide,0
LA_E_9698333_bonafide,0
LA_E_3002328_spoof_A12,1
LA_E_3301446_bonafide,0
LA_E_7174142_spoof_A15,1
LA_E_8442092_spoof_A16,1
LA_E_3570871_bonafide,0
LA_E_6062170_bonafide,0
LA_E_4625845_spoof_A18,1
LA_E_3603066_spoof_A09,1
LA_E_4627522_spoof_A13,1
LA_E_4248814_bonafide,0
LA_E_9081256_bonafide,0
LA_E_6087269_spoof_A14,1
LA_E_7460184_spoof_A14,1
LA_E_2074278_spoof_A10,1
LA_E_4582754_spoof_A11,1
LA_E_4904111_spoof_A17,1
LA_E_3400251_bonafide,0
LA_E_1284698_spoof_A13,1
LA_E_1983461_spoof_A09,1
LA_E_4208703_spoof_A15,1
LA_E_8245956_spoof_A19,1
LA_E_4506237_bonafide,0
LA_E_4946995_spoof_A11,1
LA_E_6191312_spoof_A13,1
LA_E_2293965_bonafide,0
LA_E_6697775_spoof_A14,1
LA_E_6440643_bonafide,0
LA_E_5697344_spoof_A11,1
LA_E_5303514_spoof_A11,1
LA_E_1060654_spoof_A07,1
LA_E_6764440_bonafide,0
LA_E_1905695_spoof_A09,1
LA_E_9183713_bonafide,0
LA_E_5911852_bonafide,0
LA_E_6179064_bonafide,0
LA_E_7785519_spoof_A12,1
LA_E_3182629_spoof_A11,1
LA_E_1185576_spoof_A12,1
LA_E_9894960_spoof_A14,1
LA_E_8387973_bonafide,0
LA_E_2216021_spoof_A09,1
LA_E_2811537_spoof_A17,1
LA_E_9417451_bonafide,0
LA_E_3888678_bonafide,0
LA_E_3054072_spoof_A17,1
LA_E_4128834_bonafide,0
LA_E_5638625_bonafide,0
LA_E_7188177_spoof_A10,1
LA_E_9883074_spoof_A14,1
LA_E_9999993_bonafide,0
LA_E_1347934_spoof_A09,1
LA_E_8610628_bonafide,0
LA_E_1465196_bonafide,0
LA_E_8611362_spoof_A18,1
LA_E_4694054_bonafide,0
LA_E_1775476_bonafide,0
LA_E_1984093_bonafide,0
LA_E_2942813_spoof_A14,1
LA_E_3950922_bonafide,0
LA_E_6480666_bonafide,0
LA_E_3301694_bonafide,0
LA_E_8733753_spoof_A16,1
LA_E_2193487_spoof_A16,1
LA_E_2351298_bonafide,0
LA_E_7253742_spoof_A13,1
LA_E_8371283_spoof_A13,1
LA_E_3697251_bonafide,0
LA_E_2386688_bonafide,0
LA_E_1125558_bonafide,0
LA_E_4136076_bonafide,0
LA_E_9209976_bonafide,0
LA_E_6974216_spoof_A16,1
LA_E_8869832_spoof_A15,1
LA_E_2689262_bonafide,0
LA_E_3025872_bonafide,0
LA_E_4875934_bonafide,0
LA_E_5783993_bonafide,0
LA_E_6314751_bonafide,0
LA_E_8826581_spoof_A12,1
LA_E_1930201_bonafide,0
LA_E_1441455_bonafide,0
LA_E_1952207_bonafide,0
LA_E_3916755_spoof_A13,1
LA_E_8647656_bonafide,0
LA_E_5122986_spoof_A12,1
LA_E_9239403_spoof_A16,1
LA_E_9202945_spoof_A11,1
LA_E_6598284_spoof_A11,1
LA_E_5275594_spoof_A12,1
LA_E_1870828_spoof_A08,1
LA_E_7109274_spoof_A15,1
LA_E_4298006_spoof_A07,1
LA_E_2514376_bonafide,0
LA_E_7522372_bonafide,0
LA_E_2782892_spoof_A11,1
LA_E_8631975_spoof_A19,1
LA_E_5481293_spoof_A15,1
LA_E_1524020_bonafide,0
LA_E_9460849_bonafide,0
LA_E_5682817_spoof_A14,1
LA_E_2718606_bonafide,0
LA_E_4986081_bonafide,0
LA_E_7514988_bonafide,0
LA_E_8796152_spoof_A13,1
LA_E_4850719_spoof_A12,1
LA_E_8783302_bonafide,0
LA_E_5317642_bonafide,0
LA_E_8708356_spoof_A12,1
LA_E_6610404_spoof_A08,1
LA_E_8171226_spoof_A19,1
LA_E_2388343_spoof_A13,1
LA_E_4785445_bonafide,0
LA_E_1192671_spoof_A18,1
LA_E_5510782_spoof_A17,1
LA_E_8826663_bonafide,0
LA_E_4384226_bonafide,0
LA_E_9816276_spoof_A18,1
LA_E_6676712_bonafide,0
LA_E_3529634_bonafide,0
LA_E_7745090_spoof_A17,1
LA_E_1559956_bonafide,0
LA_E_9607062_bonafide,0
LA_E_4630971_spoof_A17,1
LA_E_7225563_bonafide,0
LA_E_9046376_spoof_A15,1
LA_E_2376271_spoof_A14,1
LA_E_4109256_spoof_A19,1
LA_E_7069292_bonafide,0
LA_E_7344119_bonafide,0
LA_E_8386959_spoof_A07,1
LA_E_1331306_bonafide,0
LA_E_3412535_spoof_A08,1
LA_E_6952884_spoof_A17,1
LA_E_6916123_spoof_A10,1
LA_E_4696020_bonafide,0
LA_E_3636256_bonafide,0
LA_E_2016588_spoof_A10,1
LA_E_1590834_bonafide,0
LA_E_4406494_spoof_A15,1
LA_E_3827719_spoof_A18,1
LA_E_9068969_spoof_A19,1
LA_E_3756063_spoof_A15,1
LA_E_5346350_bonafide,0
LA_E_9277077_bonafide,0
LA_E_7067044_spoof_A09,1
LA_E_9366327_bonafide,0
LA_E_7728273_bonafide,0
LA_E_2582529_bonafide,0
LA_E_7207125_spoof_A18,1
LA_E_2323986_spoof_A09,1
LA_E_3496166_spoof_A09,1
LA_E_6771940_spoof_A14,1
LA_E_4362341_bonafide,0
LA_E_7602645_bonafide,0
LA_E_5091054_bonafide,0
LA_E_8143823_spoof_A08,1
LA_E_8478765_bonafide,0
LA_E_5365453_spoof_A14,1
LA_E_3914459_spoof_A18,1
LA_E_8052909_spoof_A14,1
LA_E_8757163_spoof_A08,1
LA_E_1719768_spoof_A15,1
LA_E_5011141_bonafide,0
LA_E_3458456_spoof_A16,1
LA_E_9568023_spoof_A16,1
LA_E_5602878_spoof_A19,1
LA_E_8398310_bonafide,0
LA_E_9496331_spoof_A17,1
LA_E_6883200_bonafide,0
LA_E_6946017_bonafide,0
LA_E_7947491_spoof_A13,1
LA_E_3347588_bonafide,0
LA_E_7962810_spoof_A19,1
LA_E_4547523_bonafide,0
LA_E_7328013_bonafide,0
LA_E_1431346_spoof_A10,1
LA_E_3598921_spoof_A08,1
LA_E_7769271_bonafide,0
LA_E_9305358_bonafide,0
LA_E_4158525_bonafide,0
LA_E_2269472_spoof_A18,1
LA_E_3562419_spoof_A13,1
LA_E_5166975_spoof_A09,1
LA_E_7827984_spoof_A16,1
LA_E_6419176_spoof_A10,1
LA_E_1960467_bonafide,0
LA_E_6066342_bonafide,0
LA_E_3602137_spoof_A14,1
LA_E_5727326_spoof_A08,1
LA_E_5990651_bonafide,0
LA_E_4334688_spoof_A14,1
LA_E_2189212_spoof_A15,1
LA_E_8211861_bonafide,0
LA_E_9890293_spoof_A16,1
LA_E_7509567_spoof_A15,1
LA_E_2250745_bonafide,0
LA_E_6964855_bonafide,0
LA_E_2540691_bonafide,0
LA_E_9681375_spoof_A10,1
LA_E_8573445_bonafide,0
LA_E_8907535_spoof_A16,1
LA_E_7583156_spoof_A07,1
LA_E_6842509_bonafide,0
LA_E_7200211_bonafide,0
LA_E_7042259_bonafide,0
LA_E_5624940_bonafide,0
LA_E_2095975_bonafide,0
LA_E_2868086_bonafide,0
LA_E_9914925_spoof_A09,1
LA_E_5296134_bonafide,0
LA_E_4736581_spoof_A18,1
LA_E_7777055_bonafide,0
LA_E_6132683_bonafide,0
LA_E_5511832_spoof_A07,1
LA_E_3790404_spoof_A14,1
LA_E_7666310_spoof_A13,1
LA_E_8630327_spoof_A15,1
LA_E_1374587_spoof_A17,1
LA_E_4716734_bonafide,0
LA_E_1640010_bonafide,0
LA_E_8560526_spoof_A17,1
LA_E_4423517_spoof_A16,1
LA_E_8858635_bonafide,0
LA_E_1373332_bonafide,0
LA_E_6369672_spoof_A17,1
LA_E_1614025_bonafide,0
LA_E_7079870_bonafide,0
LA_E_5478337_bonafide,0
LA_E_7124701_spoof_A14,1
LA_E_3457601_spoof_A17,1
LA_E_3251709_spoof_A09,1
LA_E_9456925_spoof_A08,1
LA_E_7684060_spoof_A18,1
LA_E_7147095_spoof_A13,1
LA_E_5764501_bonafide,0
LA_E_1852684_bonafide,0
LA_E_6625752_spoof_A12,1
LA_E_3728655_bonafide,0
LA_E_1890244_spoof_A10,1
LA_E_2135071_bonafide,0
LA_E_9675165_spoof_A19,1
LA_E_4772226_bonafide,0
LA_E_8353060_bonafide,0
LA_E_1093379_bonafide,0
LA_E_3957776_bonafide,0
LA_E_5043905_bonafide,0
LA_E_6675743_bonafide,0
LA_E_8833209_bonafide,0
LA_E_9616381_spoof_A09,1
LA_E_9480848_spoof_A15,1
LA_E_2738841_bonafide,0
LA_E_7874716_spoof_A19,1
LA_E_6019242_spoof_A08,1
LA_E_9900494_spoof_A17,1
LA_E_6152359_bonafide,0
LA_E_6412291_spoof_A13,1
LA_E_6482038_spoof_A11,1
LA_E_4619404_spoof_A15,1
LA_E_8417217_spoof_A11,1
LA_E_6994785_spoof_A09,1
LA_E_5692213_bonafide,0
LA_E_1624904_bonafide,0
LA_E_7405434_bonafide,0
LA_E_4741108_bonafide,0
LA_E_6259225_bonafide,0
LA_E_5129233_spoof_A19,1
LA_E_4764160_spoof_A12,1
LA_E_2025487_bonafide,0
LA_E_7599448_bonafide,0
LA_E_3272625_bonafide,0
LA_E_3490952_bonafide,0
LA_E_4514721_spoof_A14,1
LA_E_4375702_bonafide,0
LA_E_5159945_spoof_A15,1
LA_E_8103311_spoof_A11,1
LA_E_6340880_spoof_A14,1
LA_E_9362104_bonafide,0
LA_E_8406110_spoof_A14,1
LA_E_9775379_bonafide,0
LA_E_1240552_bonafide,0
LA_E_7792985_bonafide,0
LA_E_3299482_bonafide,0
LA_E_1635576_bonafide,0
LA_E_4541946_bonafide,0
LA_E_1771542_spoof_A09,1
LA_E_7656175_bonafide,0
LA_E_7399383_spoof_A14,1
LA_E_2263934_bonafide,0
LA_E_9262280_bonafide,0
LA_E_7412185_spoof_A19,1
LA_E_5051328_spoof_A16,1
LA_E_5860084_bonafide,0
LA_E_9329057_spoof_A17,1
LA_E_8946810_spoof_A18,1
LA_E_3457350_bonafide,0
LA_E_4244002_spoof_A19,1
LA_E_1617307_bonafide,0
LA_E_1528765_bonafide,0
LA_E_7420190_bonafide,0
LA_E_2130102_bonafide,0
LA_E_5652405_spoof_A16,1
LA_E_7772704_bonafide,0
LA_E_5631778_spoof_A18,1
LA_E_2569009_bonafide,0
LA_E_5749420_spoof_A16,1
LA_E_1051790_spoof_A18,1
LA_E_4387795_spoof_A07,1
LA_E_9987562_bonafide,0
LA_E_1063074_spoof_A09,1
LA_E_6671657_spoof_A16,1
LA_E_2309097_spoof_A17,1
LA_E_8189792_bonafide,0
LA_E_7374575_spoof_A17,1
LA_E_6771592_bonafide,0
LA_E_8857428_bonafide,0
LA_E_8580033_spoof_A10,1
LA_E_3594780_bonafide,0
LA_E_8366477_spoof_A09,1
LA_E_4702191_spoof_A15,1
LA_E_3201327_bonafide,0
LA_E_9331565_spoof_A12,1
LA_E_4360464_spoof_A11,1
LA_E_2397551_bonafide,0
LA_E_8189587_bonafide,0
LA_E_1053285_spoof_A17,1
LA_E_1607310_spoof_A09,1
LA_E_1678906_bonafide,0
LA_E_7221379_bonafide,0
LA_E_7943556_bonafide,0
LA_E_8393035_bonafide,0
LA_E_6421290_bonafide,0
LA_E_1092415_spoof_A12,1
LA_E_5986045_bonafide,0
LA_E_7911971_spoof_A10,1
LA_E_5345090_bonafide,0
LA_E_7419210_bonafide,0
LA_E_9976376_spoof_A08,1
LA_E_3661291_bonafide,0
LA_E_1145549_spoof_A10,1
LA_E_2652664_spoof_A08,1
LA_E_8313069_spoof_A15,1
LA_E_2937922_spoof_A07,1
LA_E_8907575_bonafide,0
LA_E_7524835_spoof_A07,1
LA_E_1387663_spoof_A12,1
LA_E_9299036_spoof_A16,1
LA_E_5095942_bonafide,0
LA_E_2163817_bonafide,0
LA_E_8173660_bonafide,0
LA_E_3714738_bonafide,0
LA_E_8892267_bonafide,0
LA_E_5015024_spoof_A09,1
LA_E_6257013_spoof_A19,1
LA_E_4371071_spoof_A07,1
LA_E_6799583_spoof_A07,1
LA_E_7720571_spoof_A11,1
LA_E_2425891_bonafide,0
LA_E_4032977_bonafide,0
LA_E_5580775_spoof_A14,1
LA_E_1833874_bonafide,0
LA_E_3065402_bonafide,0
LA_E_5565249_spoof_A16,1
LA_E_7192318_bonafide,0
LA_E_1397408_spoof_A17,1
LA_E_7629534_bonafide,0
LA_E_8457219_spoof_A12,1
LA_E_7622164_bonafide,0
LA_E_3041366_bonafide,0
LA_E_9297543_spoof_A18,1
LA_E_6431150_bonafide,0
LA_E_7375374_spoof_A07,1
LA_E_2890258_bonafide,0
LA_E_3906849_spoof_A18,1
LA_E_5041380_spoof_A18,1
LA_E_9379974_bonafide,0
LA_E_6075406_spoof_A13,1
LA_E_3217105_bonafide,0
LA_E_6587297_bonafide,0
LA_E_5004016_spoof_A14,1
LA_E_1688551_spoof_A18,1
LA_E_8465172_spoof_A11,1
LA_E_9092834_spoof_A13,1
LA_E_2903212_spoof_A08,1
LA_E_4874578_spoof_A11,1
LA_E_4708697_spoof_A17,1
LA_E_3524722_spoof_A07,1
LA_E_1542647_bonafide,0
LA_E_3471661_bonafide,0
LA_E_9723884_spoof_A14,1
LA_E_8293738_bonafide,0
LA_E_8657028_spoof_A07,1
LA_E_4449377_bonafide,0
LA_E_6580456_spoof_A16,1
LA_E_2421137_bonafide,0
LA_E_5207964_bonafide,0
LA_E_8797426_bonafide,0
LA_E_6945617_bonafide,0
LA_E_3744905_bonafide,0
LA_E_2287637_spoof_A18,1
LA_E_7777408_spoof_A17,1
LA_E_7188212_spoof_A17,1
LA_E_9549865_spoof_A16,1
LA_E_7701680_spoof_A19,1
LA_E_3787432_bonafide,0
LA_E_2089512_bonafide,0
LA_E_7591410_spoof_A16,1
LA_E_6813363_bonafide,0
LA_E_7347155_bonafide,0
LA_E_8221583_spoof_A13,1
LA_E_9795129_bonafide,0
LA_E_9132715_spoof_A16,1
LA_E_6991837_bonafide,0
LA_E_7865697_spoof_A08,1
LA_E_9645356_spoof_A13,1
LA_E_7705349_bonafide,0
LA_E_6140367_bonafide,0
LA_E_5774177_spoof_A19,1
LA_E_6990109_bonafide,0
LA_E_7068494_bonafide,0
LA_E_5753260_bonafide,0
LA_E_5331965_bonafide,0
LA_E_5051135_spoof_A07,1
LA_E_1268248_bonafide,0
LA_E_5826594_bonafide,0
LA_E_9731777_bonafide,0
LA_E_5837819_bonafide,0
LA_E_2448796_spoof_A19,1
LA_E_6285401_spoof_A13,1
LA_E_4121284_bonafide,0
LA_E_1314788_spoof_A10,1
LA_E_3097848_spoof_A17,1
LA_E_6163781_bonafide,0
LA_E_6578760_bonafide,0
LA_E_3670903_bonafide,0
LA_E_3646540_spoof_A17,1
LA_E_2584828_spoof_A19,1
LA_E_2427668_spoof_A18,1
LA_E_4314603_spoof_A08,1
LA_E_6259763_bonafide,0
LA_E_9290615_bonafide,0
LA_E_8560668_spoof_A07,1
LA_E_7061027_bonafide,0
LA_E_3301537_spoof_A10,1
LA_E_4292147_bonafide,0
LA_E_7682962_bonafide,0
LA_E_8654789_spoof_A07,1
LA_E_7285501_bonafide,0
LA_E_2584259_bonafide,0
LA_E_3658753_bonafide,0
LA_E_6252467_spoof_A09,1
LA_E_2658131_spoof_A08,1
LA_E_9787728_spoof_A07,1
LA_E_7412796_bonafide,0
LA_E_8284254_spoof_A11,1
LA_E_3646853_bonafide,0
LA_E_2198141_bonafide,0
LA_E_1439922_bonafide,0
LA_E_8942381_bonafide,0
LA_E_3505123_bonafide,0
LA_E_7660982_bonafide,0
LA_E_5047097_spoof_A17,1
LA_E_9154737_spoof_A07,1
LA_E_9084776_bonafide,0
LA_E_7071105_bonafide,0
LA_E_2013151_spoof_A07,1
LA_E_4056239_spoof_A09,1
LA_E_5049928_bonafide,0
LA_E_1901618_spoof_A08,1
LA_E_2650110_spoof_A10,1
LA_E_8563132_spoof_A14,1
LA_E_9568896_bonafide,0
LA_E_5628684_bonafide,0
LA_E_6016772_spoof_A11,1
LA_E_3360546_spoof_A07,1
LA_E_1641284_spoof_A14,1
LA_E_8045185_spoof_A13,1
LA_E_1955285_bonafide,0
LA_E_8012948_bonafide,0
LA_E_2746758_spoof_A13,1
LA_E_3140689_spoof_A11,1
LA_E_1593695_spoof_A11,1
LA_E_2680543_bonafide,0
LA_E_7233576_bonafide,0
LA_E_7951266_bonafide,0
LA_E_4520592_bonafide,0
LA_E_4719806_spoof_A17,1
LA_E_4421812_bonafide,0
LA_E_3002160_spoof_A18,1
LA_E_2849348_bonafide,0
LA_E_4553044_spoof_A18,1
LA_E_5212908_spoof_A08,1
LA_E_3363374_spoof_A19,1
LA_E_9599014_spoof_A13,1
LA_E_9474143_spoof_A07,1
LA_E_5942270_spoof_A11,1
LA_E_7838811_spoof_A12,1
LA_E_7885522_bonafide,0
LA_E_4270011_bonafide,0
LA_E_3462089_spoof_A11,1
LA_E_9174730_bonafide,0
LA_E_1232974_bonafide,0
LA_E_3405342_spoof_A14,1
LA_E_2149662_spoof_A16,1
LA_E_6012085_spoof_A19,1
LA_E_3912059_bonafide,0
LA_E_7307487_bonafide,0
LA_E_3144279_spoof_A10,1
LA_E_4857360_bonafide,0
LA_E_1832737_bonafide,0
LA_E_8111558_spoof_A08,1
LA_E_2509075_bonafide,0
LA_E_7761611_bonafide,0
LA_E_1922870_spoof_A10,1
LA_E_8878681_spoof_A13,1
LA_E_5017056_bonafide,0
LA_E_1557011_bonafide,0
LA_E_4451075_spoof_A12,1
LA_E_1873948_bonafide,0
LA_E_2127242_spoof_A10,1
LA_E_2057670_spoof_A17,1
LA_E_9115741_bonafide,0
LA_E_4141870_spoof_A16,1
LA_E_7063902_spoof_A17,1
LA_E_1013410_spoof_A14,1
LA_E_1161649_bonafide,0
LA_E_3527138_bonafide,0
LA_E_6172735_bonafide,0
LA_E_6940028_spoof_A14,1
LA_E_8401778_bonafide,0
LA_E_6658866_spoof_A17,1
LA_E_3817551_spoof_A17,1
LA_E_7867280_bonafide,0
LA_E_5323454_bonafide,0
LA_E_6735336_bonafide,0
LA_E_3433526_spoof_A19,1
LA_E_4255838_spoof_A17,1
LA_E_6954240_spoof_A10,1
LA_E_5923383_bonafide,0
LA_E_3273657_bonafide,0
LA_E_8786731_spoof_A13,1
